Sample Name,Sample Name Old,LowT,HighT,Frac_No,PK,RT,Pksize,Area Pct,Compound,PM,C,H,O,N-Bearing,m/z,Origin,E_mean,E_std,E_lower,E_upper
Laupahoehoe,LSAG 69,140,245,1,1,3.92,37.46,47.98,"2,4-Dimethylfuran",96,6,8,1,,"53, 67,96",Polysaccharide,122.5507589,8.112888288,114.4378706,126.4437215
Laupahoehoe,LSAG 69,140,245,1,2,5.13,1.39,1.77,"3-Heptene, 2-methyl",112,8,16,,,"55, 69, 112",Alkane,122.5507589,8.112888288,114.4378706,126.4437215
Laupahoehoe,LSAG 69,140,245,1,3,5.85,3.42,4.38,Siloxane,,,,,,,CONT,122.5507589,8.112888288,114.4378706,126.4437215
Laupahoehoe,LSAG 69,140,245,1,4,6.92,1.68,2.16,"Heptane, x,x- dimethyl",128,9,20,,,"57, 71, 128",Alkane,122.5507589,8.112888288,114.4378706,126.4437215
Laupahoehoe,LSAG 69,140,245,1,5,7.03,2.95,3.78,"Heptane, x,x- dimethyl",128,9,20,,,"57, 71, 128",Alkane,122.5507589,8.112888288,114.4378706,126.4437215
Laupahoehoe,LSAG 69,140,245,1,6,7.12,1.82,2.34,"Heptane, x,x- dimethyl",128,9,20,,,"57, 71, 128",Alkane,122.5507589,8.112888288,114.4378706,126.4437215
Laupahoehoe,LSAG 69,140,245,1,7,7.22,16.5,21.14,"Benzene, 1,3-bis(1,1-dimethylethyl)-",190,14,22,,,"57, 175, 190",Aromatic,122.5507589,8.112888288,114.4378706,126.4437215
Laupahoehoe,LSAG 69,140,245,1,8,7.8,2.46,3.16,"Cyclopentane, x,x-dipropyl-",154,11,22,,,"69, 111, 154",Alkane,122.5507589,8.112888288,114.4378706,126.4437215
Laupahoehoe,LSAG 69,140,245,1,9,7.91,4.21,5.39,"Cyclopentane, x,x-dipropyl-",154,11,22,,,"69, 111, 154",Alkane,122.5507589,8.112888288,114.4378706,126.4437215
Laupahoehoe,LSAG 69,140,245,1,10,8.02,3.1,3.97,"Cyclopentane, x,x-dipropyl-",154,11,22,,,"69, 111, 154",Alkane,122.5507589,8.112888288,114.4378706,126.4437215
Laupahoehoe,LSAG 69,140,245,1,11,9.8,1.68,2.15,"Decane, x-methyl-",156,1,24,,,"57, 71, 156",Alkane,122.5507589,8.112888288,114.4378706,126.4437215
Laupahoehoe,LSAG 69,140,245,1,12,9.93,1.39,1.78,"Decane, x-methyl-",156,1,24,,,"57, 71, 156",Alkane,122.5507589,8.112888288,114.4378706,126.4437215
Laupahoehoe,LSAG 69,245,318,2,2,3.05,46.8,68.81,Furfural,96,5,4,2,,96,Polysaccharide,130.336684,5.607552824,126.4437215,134.2296466
Laupahoehoe,LSAG 69,245,318,2,3,4.11,12.9,18.94,"2-Furancarboxaldehyde, 5-methyl-",110,6,6,2,,"53, 110",Polysaccharide,130.336684,5.607552824,126.4437215,134.2296466
Laupahoehoe,LSAG 69,245,318,2,4,5.6,4.9,7.14,Levoglucosenone,126,6,6,3,,"68, 98, 126",Polysaccharide,130.336684,5.607552824,126.4437215,134.2296466
Laupahoehoe,LSAG 69,245,318,2,5,6.08,1.5,2.22,"Benzene, 1,2,4,5-tetramethyl-",134,10,14,,,"119, 134",Aromatic,130.336684,5.607552824,126.4437215,134.2296466
Laupahoehoe,LSAG 69,245,318,2,6,7.42,2,2.88,"2-Cyclopenten-1-one, 2-pentyl-",152,10,16,1,,"67, 96, 152",Polysaccharide,130.336684,5.607552824,126.4437215,134.2296466
Laupahoehoe,LSAG 69,318,360,3,1,2.2772,91.3279,91.33,Cyclopentenone,82,5,6,1,,82,Polysaccharide,141.2144396,6.350744332,134.2296466,146.6533174
Laupahoehoe,LSAG 69,318,360,3,2,6.0607,4.1483,4.15,"Benzene, 1,2,3,5-tetramethyl-",134,10,14,,,"119, 134",Aromatic,141.2144396,6.350744332,134.2296466,146.6533174
Laupahoehoe,LSAG 69,318,360,3,3,6.5522,4.5238,4.52,"Pyridine, 2-propyl-",121,8,11,,1,"93, 106, 120",N-Bearing,141.2144396,6.350744332,134.2296466,146.6533174
Laupahoehoe,LSAG 69,360,405,4,1,2.69,27.18,14.65,Methylbenzene,,,,,,,Aromatic,152.1159873,6.427172416,146.6533174,157.5548651
Laupahoehoe,LSAG 69,360,405,4,1,2.69,27.18,14.65,Pyridine,,,,,,,N-Bearing,152.1159873,6.427172416,146.6533174,157.5548651
Laupahoehoe,LSAG 69,360,405,4,2,3.09,5.95,6.41,"1H-Pyrrole, 2-methyl-",81,5,7,,1,"53, 80",N-Bearing,152.1159873,6.427172416,146.6533174,157.5548651
Laupahoehoe,LSAG 69,360,405,4,3,3.29,3.7,3.99,"Pyridine, 4-methyl",93,6,7,,1,"66, 93",N-Bearing,152.1159873,6.427172416,146.6533174,157.5548651
Laupahoehoe,LSAG 69,360,405,4,4,3.45,2.02,2.18,Styrene,104,8,8,,,"78, 104",Aromatic,152.1159873,6.427172416,146.6533174,157.5548651
Laupahoehoe,LSAG 69,360,405,4,5,3.57,4.16,4.48,"2-Cyclopenten-1-one, 2-methyl",96,6,8,1,,"53, 67, 96",Polysaccharide,152.1159873,6.427172416,146.6533174,157.5548651
Laupahoehoe,LSAG 69,360,405,4,6,3.79,2.79,3.01,"2,4-Hexadiene, 3,4-dimethyl-",110,8,14,,,"67, 95, 110",Alkane,152.1159873,6.427172416,146.6533174,157.5548651
Laupahoehoe,LSAG 69,360,405,4,7,4.09,2.88,3.11,"2-Cyclopenten-1-one, 3-methyl-",96,6,8,1,,"53, 67, 96",Polysaccharide,152.1159873,6.427172416,146.6533174,157.5548651
Laupahoehoe,LSAG 69,360,405,4,8,4.35,3.98,4.28,Benzofuran,118,8,6,1,,"63, 90, 118",Aromatic,152.1159873,6.427172416,146.6533174,157.5548651
Laupahoehoe,LSAG 69,360,405,4,9,4.89,3.83,4.12,1H-Indene,116,9,8,,,"89, 116",Aromatic,152.1159873,6.427172416,146.6533174,157.5548651
Laupahoehoe,LSAG 69,360,405,4,10,5.31,2.21,2.38,"Benzene, 1-methyl-2-(2-propenyl)-",132,10,12,,,"117, 132",Aromatic,152.1159873,6.427172416,146.6533174,157.5548651
Laupahoehoe,LSAG 69,360,405,4,11,5.56,2.52,2.72,"Benzofuran, 2-methyl-",132,9,8,1,,"103, 131",Aromatic,152.1159873,6.427172416,146.6533174,157.5548651
Laupahoehoe,LSAG 69,360,405,4,12,5.93,1.38,1.49,Benzyl nitrile,117,8,7,,1,"90, 117",N-Bearing,152.1159873,6.427172416,146.6533174,157.5548651
Laupahoehoe,LSAG 69,360,405,4,13,6.06,2.81,3.03,"1H-Indene, 1-methyl-",130,10,10,,,"115, 130",Aromatic,152.1159873,6.427172416,146.6533174,157.5548651
Laupahoehoe,LSAG 69,360,405,4,14,6.52,2.28,2.46,Naphthalene,128,10,8,,,128,PAH,152.1159873,6.427172416,146.6533174,157.5548651
Laupahoehoe,LSAG 69,360,405,4,15,6.73,0.43,0.46,"1H-Benzimidazole, 5,6-dimethyl",146,9,10,,2,"91, 131, 146",N-Bearing,152.1159873,6.427172416,146.6533174,157.5548651
Laupahoehoe,LSAG 69,360,405,4,16,6.83,0.88,0.95,"1H-Benzimidazole, 2-ethyl-",146,9,10,,2,"118, 131, 145",N-Bearing,152.1159873,6.427172416,146.6533174,157.5548651
Laupahoehoe,LSAG 69,360,405,4,17,7.31,2.39,2.58,"1H-Indene, 4,7-dimethyl-",144,11,12,,,"115, 129, 144",Aromatic,152.1159873,6.427172416,146.6533174,157.5548651
Laupahoehoe,LSAG 69,360,405,4,18,7.5,0.9,0.97,"Benzene, 1,4-bis(1-methylethenyl)-",158,12,14,,,"115, 143, 158",Aromatic,152.1159873,6.427172416,146.6533174,157.5548651
Laupahoehoe,LSAG 69,360,405,4,19,7.69,1.52,1.63,Tridecane (C13),184,13,28,,,"57, 184",Alkane,152.1159873,6.427172416,146.6533174,157.5548651
Laupahoehoe,LSAG 69,360,405,4,20,7.88,1.17,1.26,"Naphthalene, 2-methyl-",142,11,10,,,"115, 142",PAH,152.1159873,6.427172416,146.6533174,157.5548651
Laupahoehoe,LSAG 69,360,405,4,21,8.08,1.13,1.21,"Naphthalene, 1-methyl-",142,11,10,,,"115, 142",PAH,152.1159873,6.427172416,146.6533174,157.5548651
Laupahoehoe,LSAG 69,360,405,4,22,8.56,1.31,1.41,"Benzene, heptyl-",176,13,20,,,"92, 176",Aromatic,152.1159873,6.427172416,146.6533174,157.5548651
Laupahoehoe,LSAG 69,360,405,4,23,8.82,1.08,1.17,"1,2,3-Trimethylindene",158,12,14,,,"128, 143, 158",Aromatic,152.1159873,6.427172416,146.6533174,157.5548651
Laupahoehoe,LSAG 69,360,405,4,24,9.11,1.04,1.12,"Naphthalene, x,x-dimethyl-",156,12,12,,,"141, 156",PAH,152.1159873,6.427172416,146.6533174,157.5548651
Laupahoehoe,LSAG 69,360,405,4,25,9.22,0.61,0.66,"Naphthalene, x,x-dimethyl-",156,12,12,,,"141, 156",PAH,152.1159873,6.427172416,146.6533174,157.5548651
Laupahoehoe,LSAG 69,360,405,4,26,9.44,1.19,1.28,"Naphthalene, x,x-dimethyl-",156,12,12,,,"141, 156",PAH,152.1159873,6.427172416,146.6533174,157.5548651
Laupahoehoe,LSAG 69,360,405,4,27,9.68,0.86,0.93,"Naphthalene, x,x-dimethyl-",156,12,12,,,"141, 156",PAH,152.1159873,6.427172416,146.6533174,157.5548651
Laupahoehoe,LSAG 69,360,405,4,28,9.83,0.66,0.71,"Naphthalene, x,x-dimethyl-",156,12,12,,,"141, 156",PAH,152.1159873,6.427172416,146.6533174,157.5548651
Laupahoehoe,LSAG 69,360,405,4,29,10.03,0.51,0.55,1-Pentadecene (C15:1),210,15,30,,,"55, 210",Alkane,152.1159873,6.427172416,146.6533174,157.5548651
Laupahoehoe,LSAG 69,360,405,4,30,10.13,0.73,0.78,Pentadecane (C15),212,15,32,,,"57, 212",Alkane,152.1159873,6.427172416,146.6533174,157.5548651
Laupahoehoe,LSAG 69,360,405,4,31,10.56,0.62,0.67,"1H-Inden-1-one, 2,3-dihydro-3,3,4,5-tetramethyl-",188,13,16,1,,"173, 188",Aromatic,152.1159873,6.427172416,146.6533174,157.5548651
Laupahoehoe,LSAG 69,360,405,4,32,10.72,0.55,0.59,"Naphthalene, x,x,x-trimethyl-",170,13,14,,,"155, 170",PAH,152.1159873,6.427172416,146.6533174,157.5548651
Laupahoehoe,LSAG 69,360,405,4,33,10.92,0.51,0.55,"Naphthalene, x,x,x-trimethyl-",170,13,14,,,"155, 170",PAH,152.1159873,6.427172416,146.6533174,157.5548651
Laupahoehoe,LSAG 69,360,405,4,34,11.11,0.99,1.06,"Naphthalene, x,x,x-trimethyl-",170,13,14,,,"155, 170",PAH,152.1159873,6.427172416,146.6533174,157.5548651
Laupahoehoe,LSAG 69,360,405,4,35,11.3,0.39,0.42,Hexadecane (C16),226,16,34,,,"57, 226",Alkane,152.1159873,6.427172416,146.6533174,157.5548651
Laupahoehoe,LSAG 69,360,405,4,36,11.42,0.72,0.77,"Naphthalene, x,x,x-trimethyl-",170,13,14,,,"155, 170",PAH,152.1159873,6.427172416,146.6533174,157.5548651
Laupahoehoe,LSAG 69,360,405,4,37,11.93,0.36,0.39,"1H-Indene, 5-(1,1-dimethylethyl)-2,3-dihydro-1,1-dimethyl-",202,15,22,,,"187, 202",Aromatic,152.1159873,6.427172416,146.6533174,157.5548651
Laupahoehoe,LSAG 69,360,405,4,38,12.42,0.45,0.49,Heptadecane (C17),240,17,36,,,"57, 240",Alkane,152.1159873,6.427172416,146.6533174,157.5548651
Laupahoehoe,LSAG 69,360,405,4,39,12.78,0.69,0.75,"9H-Fluorene, 2-methyl-",180,14,12,,,"165, 180",PAH,152.1159873,6.427172416,146.6533174,157.5548651
Laupahoehoe,LSAG 69,360,405,4,40,13.07,0.59,0.63,"1,4,5,8-Tetramethylnaphthalene",184,14,16,,,"169, 184",PAH,152.1159873,6.427172416,146.6533174,157.5548651
Laupahoehoe,LSAG 69,360,405,4,41,13.49,0.62,0.67,Octadecane (C18),254,18,38,,,"57, 254",Alkane,152.1159873,6.427172416,146.6533174,157.5548651
Laupahoehoe,LSAG 69,360,405,4,42,13.69,0.27,0.29,Anthracene,178,14,10,,,178,PAH,152.1159873,6.427172416,146.6533174,157.5548651
Laupahoehoe,LSAG 69,360,405,4,43,14.51,0.67,0.72,Nonadecane (C19),268,19,40,,,,Alkane,152.1159873,6.427172416,146.6533174,157.5548651
Laupahoehoe,LSAG 69,360,405,4,44,15.31,0.17,0.18,Column,,,,,,,CONT,152.1159873,6.427172416,146.6533174,157.5548651
Laupahoehoe,LSAG 69,360,405,4,45,15.5,0.18,0.19,Eicosane (C20),282,20,42,,,"57, 282",Alkane,152.1159873,6.427172416,146.6533174,157.5548651
Laupahoehoe,LSAG 69,360,405,4,46,16.44,0.14,0.16,Heneicosane (C21),296,21,44,,,"57, 296",Alkane,152.1159873,6.427172416,146.6533174,157.5548651
Laupahoehoe,LSAG 69,360,405,4,47,16.72,0.11,0.12,Column,,,,,,,CONT,152.1159873,6.427172416,146.6533174,157.5548651
Laupahoehoe,LSAG 69,360,405,4,48,17.33,0.15,0.17,Docosane (C22),310,22,46,,,"57, 310",Alkane,152.1159873,6.427172416,146.6533174,157.5548651
Laupahoehoe,LSAG 69,360,405,4,49,18,0.11,0.12,Column,,,,,,,CONT,152.1159873,6.427172416,146.6533174,157.5548651
Laupahoehoe,LSAG 69,360,405,4,50,18.19,0.11,0.12,Tricosane (C23),324,23,48,,,"57, 324",Alkane,152.1159873,6.427172416,146.6533174,157.5548651
Laupahoehoe,LSAG 69,360,405,4,51,19.02,0.07,0.08,Tetracosane (C24),338,24,50,,,"57, 338",Alkane,152.1159873,6.427172416,146.6533174,157.5548651
Laupahoehoe,LSAG 69,360,405,4,52,19.18,0.15,0.16,Column,,,,,,,CONT,152.1159873,6.427172416,146.6533174,157.5548651
Laupahoehoe,LSAG 69,360,405,4,53,19.82,0.07,0.07,Pentacosane (C25),352,25,52,,,"57, 352",Alkane,152.1159873,6.427172416,146.6533174,157.5548651
Laupahoehoe,LSAG 69,405,800,5,6,2.01,12.18,13.67,Benzene,78,6,6,,,78,Aromatic,166.075493,8.137831983,157.5548651,174.213325
Laupahoehoe,LSAG 69,405,800,5,8,2.36,3.21,3.61,Pyridine,79,5,5,,1,79,N-Bearing,166.075493,8.137831983,157.5548651,174.213325
Laupahoehoe,LSAG 69,405,800,5,9,2.48,8.72,9.79,Toluene,91,7,8,,,91,Aromatic,166.075493,8.137831983,157.5548651,174.213325
Laupahoehoe,LSAG 69,405,800,5,10,2.76,0.92,1.03,"Pyridine, x-methyl-",93,6,7,,1,"66, 93",N-Bearing,166.075493,8.137831983,157.5548651,174.213325
Laupahoehoe,LSAG 69,405,800,5,11,2.89,0.55,0.62,"1H-Pyrrole, x-methyl-",81,5,7,,1,"53, 80",N-Bearing,166.075493,8.137831983,157.5548651,174.213325
Laupahoehoe,LSAG 69,405,800,5,12,2.96,0.33,0.37,"1H-Pyrrole, x-methyl-",81,5,7,,1,"53, 80",N-Bearing,166.075493,8.137831983,157.5548651,174.213325
Laupahoehoe,LSAG 69,405,800,5,13,3.09,1.57,1.76,"Pyridine, x-methyl-",93,6,7,,1,"66, 93",N-Bearing,166.075493,8.137831983,157.5548651,174.213325
Laupahoehoe,LSAG 69,405,800,5,14,3.15,2.57,2.89,p-Xylene,106,8,10,,,"91, 106",Aromatic,166.075493,8.137831983,157.5548651,174.213325
Laupahoehoe,LSAG 69,405,800,5,15,3.32,2.46,2.77,Styrene,104,8,8,,,"78, 104",Aromatic,166.075493,8.137831983,157.5548651,174.213325
Laupahoehoe,LSAG 69,405,800,5,16,3.65,0.4,0.45,"Pyridine, 2,5-dimethyl-",107,7,9,,1,"79, 107",N-Bearing,166.075493,8.137831983,157.5548651,174.213325
Laupahoehoe,LSAG 69,405,800,5,19,3.92,0.49,0.55,"Benzene, 1-ethyl-2-methyl-",120,9,12,,,"105, 120",Aromatic,166.075493,8.137831983,157.5548651,174.213325
Laupahoehoe,LSAG 69,405,800,5,21,4.07,2.91,3.26,Phenol,94,6,6,1,,"66, 94",Aromatic,166.075493,8.137831983,157.5548651,174.213325
Laupahoehoe,LSAG 69,405,800,5,22,4.17,3.05,3.42,Benzonitrile,103,7,5,,1,"76, 103",N-Bearing,166.075493,8.137831983,157.5548651,174.213325
Laupahoehoe,LSAG 69,405,800,5,23,4.25,1.13,1.27,"Benzene, 2-propenyl-",117,9,10,,,"91, 117",Aromatic,166.075493,8.137831983,157.5548651,174.213325
Laupahoehoe,LSAG 69,405,800,5,24,4.29,1.11,1.25,Benzofuran,118,8,6,1,,"63, 90, 118",Aromatic,166.075493,8.137831983,157.5548651,174.213325
Laupahoehoe,LSAG 69,405,800,5,27,4.81,2.64,2.96,1H-Indene,116,9,8,,,"89, 116",Aromatic,166.075493,8.137831983,157.5548651,174.213325
Laupahoehoe,LSAG 69,405,800,5,29,5.05,1.71,1.91,"Phenol, 2-methyl-",108,7,8,1,,"79, 108",Aromatic,166.075493,8.137831983,157.5548651,174.213325
Laupahoehoe,LSAG 69,405,800,5,32,5.28,0.98,1.1,"Benzonitrile, 2-methyl-",117,8,7,,1,"90, 117",N-Bearing,166.075493,8.137831983,157.5548651,174.213325
Laupahoehoe,LSAG 69,405,800,5,34,5.44,0.73,0.82,"Benzonitrile, 4-methyl-",117,8,7,,1,"90, 117",N-Bearing,166.075493,8.137831983,157.5548651,174.213325
Laupahoehoe,LSAG 69,405,800,5,35,5.5,0.77,0.87,"Benzofuran, 2-methyl-",132,9,8,1,,"103, 131",Aromatic,166.075493,8.137831983,157.5548651,174.213325
Laupahoehoe,LSAG 69,405,800,5,38,5.99,1.05,1.18,"1H-Indene, X-methyl-",130,10,10,,,"115, 130",Aromatic,166.075493,8.137831983,157.5548651,174.213325
Laupahoehoe,LSAG 69,405,800,5,39,6.07,1.38,1.55,"1H-Indene, 1-methyl-",130,10,10,,,"115, 130",Aromatic,166.075493,8.137831983,157.5548651,174.213325
Laupahoehoe,LSAG 69,405,800,5,41,6.47,7.02,7.87,Naphthalene,128,10,8,,,128,PAH,166.075493,8.137831983,157.5548651,174.213325
Laupahoehoe,LSAG 69,405,800,5,45,7.12,0.82,0.92,Quinoline,129,9,7,,1,"102, 129",N-Bearing,166.075493,8.137831983,157.5548651,174.213325
Laupahoehoe,LSAG 69,405,800,5,47,7.42,0.75,0.84,"1H-Indene, 4,7-dimethyl-",144,11,12,,,"115, 129, 144",Aromatic,166.075493,8.137831983,157.5548651,174.213325
Laupahoehoe,LSAG 69,405,800,5,50,7.82,3.19,3.58,"Naphthalene, 2-methyl-",142,11,10,,,"115, 142",PAH,166.075493,8.137831983,157.5548651,174.213325
Laupahoehoe,LSAG 69,405,800,5,51,8.03,1.62,1.82,"Naphthalene, 1-methyl-",142,11,10,,,"115, 142",PAH,166.075493,8.137831983,157.5548651,174.213325
Laupahoehoe,LSAG 69,405,800,5,52,8.84,1.91,2.14,Biphenyl,154,12,10,,,154,PAH,166.075493,8.137831983,157.5548651,174.213325
Laupahoehoe,LSAG 69,405,800,5,54,9.04,0.65,0.72,"Naphthalene, x,x-dimethyl-",156,12,12,,,"141, 156",PAH,166.075493,8.137831983,157.5548651,174.213325
Laupahoehoe,LSAG 69,405,800,5,55,9.18,0.47,0.53,"Naphthalene, x,x-dimethyl-",156,12,12,,,"141, 156",PAH,166.075493,8.137831983,157.5548651,174.213325
Laupahoehoe,LSAG 69,405,800,5,56,9.36,0.45,0.51,"Naphthalene, x,x-dimethyl-",156,12,12,,,"141, 156",PAH,166.075493,8.137831983,157.5548651,174.213325
Laupahoehoe,LSAG 69,405,800,5,57,9.41,0.31,0.34,"Naphthalene, x,x-dimethyl-",156,12,12,,,"141, 156",PAH,166.075493,8.137831983,157.5548651,174.213325
Laupahoehoe,LSAG 69,405,800,5,58,9.48,0.46,0.52,"Naphthalene, 1-(2-propenyl)-",168,13,12,,,"115, 153, 168",PAH,166.075493,8.137831983,157.5548651,174.213325
Laupahoehoe,LSAG 69,405,800,5,59,9.62,0.21,0.23,"Naphthalene, x,x-dimethyl-",156,12,12,,,"141, 156",PAH,166.075493,8.137831983,157.5548651,174.213325
Laupahoehoe,LSAG 69,405,800,5,60,9.76,0.53,0.6,Acenaphthylene,152,12,8,,,"76, 152",PAH,166.075493,8.137831983,157.5548651,174.213325
Laupahoehoe,LSAG 69,405,800,5,61,9.81,0.57,0.63,"Naphthalene, x,x-dimethyl-",156,12,12,,,"141, 156",PAH,166.075493,8.137831983,157.5548651,174.213325
Laupahoehoe,LSAG 69,405,800,5,62,10.12,0.33,0.37,"1,1'-Biphenyl, 3-methyl-",168,13,12,,,"152, 168",PAH,166.075493,8.137831983,157.5548651,174.213325
Laupahoehoe,LSAG 69,405,800,5,63,10.23,0.17,0.19,"1,1'-Biphenyl, 4-methyl-",168,13,12,,,"152, 168",PAH,166.075493,8.137831983,157.5548651,174.213325
Laupahoehoe,LSAG 69,405,800,5,64,10.31,0.19,0.22,1-Naphthalenecarbonitrile,153,11,7,,1,"126, 153",N-Bearing,166.075493,8.137831983,157.5548651,174.213325
Laupahoehoe,LSAG 69,405,800,5,65,10.56,1.45,1.63,Dibenzofuran,168,12,8,1,,"139, 168",PAH,166.075493,8.137831983,157.5548651,174.213325
Laupahoehoe,LSAG 69,405,800,5,66,10.63,0.61,0.69,2-Naphthalenecarbonitrile,153,11,7,,1,"126, 153",N-Bearing,166.075493,8.137831983,157.5548651,174.213325
Laupahoehoe,LSAG 69,405,800,5,67,11.14,0.28,0.31,1H-Phenalene,165,13,10,,,165,Aromatic,166.075493,8.137831983,157.5548651,174.213325
Laupahoehoe,LSAG 69,405,800,5,69,11.36,2.37,2.66,Fluorene,166,13,10,,,166,Aromatic,166.075493,8.137831983,157.5548651,174.213325
Laupahoehoe,LSAG 69,405,800,5,71,11.78,0.41,0.46,"Dibenzofuran, x-methyl-",182,13,10,1,,"152, 182",Aromatic,166.075493,8.137831983,157.5548651,174.213325
Laupahoehoe,LSAG 69,405,800,5,73,11.95,0.36,0.4,"Dibenzofuran, x-methyl-",182,13,10,1,,"152, 182",Aromatic,166.075493,8.137831983,157.5548651,174.213325
Laupahoehoe,LSAG 69,405,800,5,75,12.63,0.29,0.32,"Fluorene, x-methyl-",180,14,12,,,"152, 165, 180",Aromatic,166.075493,8.137831983,157.5548651,174.213325
Laupahoehoe,LSAG 69,405,800,5,76,12.67,0.35,0.4,"Fluorene, x-methyl-",180,14,12,,,"152, 165, 180",Aromatic,166.075493,8.137831983,157.5548651,174.213325
Laupahoehoe,LSAG 69,405,800,5,77,12.74,0.44,0.49,"Fluorene, x-methyl-",180,14,12,,,"152, 165, 180",Aromatic,166.075493,8.137831983,157.5548651,174.213325
Laupahoehoe,LSAG 69,405,800,5,78,12.87,0.24,0.27,"Fluorene, x-methyl-",180,14,12,,,"152, 165, 180",Aromatic,166.075493,8.137831983,157.5548651,174.213325
Laupahoehoe,LSAG 69,405,800,5,81,13.59,2.63,2.95,Anthracene,178,14,10,,,"152, 178",PAH,166.075493,8.137831983,157.5548651,174.213325
Laupahoehoe,LSAG 69,405,800,5,82,13.69,1.36,1.53,Phenanthrene,178,14,10,,,"152, 178",PAH,166.075493,8.137831983,157.5548651,174.213325
Laupahoehoe,LSAG 69,405,800,5,84,14.34,0.14,0.16,"Naphthalene, x-phenyl-",204,16,12,,,"101, 204",PAH,166.075493,8.137831983,157.5548651,174.213325
Laupahoehoe,LSAG 69,405,800,5,86,14.77,0.29,0.32,"Phenanthrene, x-methyl-",192,15,12,,,"165, 192",PAH,166.075493,8.137831983,157.5548651,174.213325
Laupahoehoe,LSAG 69,405,800,5,87,14.83,0.35,0.39,"Phenanthrene, x-methyl-",192,15,12,,,"165, 192",PAH,166.075493,8.137831983,157.5548651,174.213325
Laupahoehoe,LSAG 69,405,800,5,88,14.93,0.48,0.54,"Anthracene, x-methyl-",192,15,12,,,"165, 192",PAH,166.075493,8.137831983,157.5548651,174.213325
Laupahoehoe,LSAG 69,405,800,5,89,15.02,0.6,0.67,"Phenanthrene, x-methyl-",192,15,12,,,"165, 192",PAH,166.075493,8.137831983,157.5548651,174.213325
Laupahoehoe,LSAG 69,405,800,5,90,15.09,0.27,0.3,"Phenanthrene, x-methyl-",192,15,12,,,"165, 192",PAH,166.075493,8.137831983,157.5548651,174.213325
Laupahoehoe,LSAG 69,405,800,5,91,15.5,0.82,0.92,"Naphthalene, x-phenyl-",192,15,12,,,"165, 192",PAH,166.075493,8.137831983,157.5548651,174.213325
Laupahoehoe,LSAG 69,405,800,5,92,16.19,0.22,0.24,"Naphthalene, x-phenyl-",192,15,12,,,"165, 192",PAH,166.075493,8.137831983,157.5548651,174.213325
Laupahoehoe,LSAG 69,405,800,5,93,16.43,1.03,1.15,Fluoranthene,202,16,10,,,"101, 202",PAH,166.075493,8.137831983,157.5548651,174.213325
Laupahoehoe,LSAG 69,405,800,5,96,16.94,1.04,1.16,Pyrene,202,16,10,,,"101, 202",PAH,166.075493,8.137831983,157.5548651,174.213325
Laupahoehoe,LSAG 69,405,800,5,97,17.14,0.28,0.31,"Indeno[2,1-b]chromene,",218,16,10,1,,"94, 109, 189, 218",PAH,166.075493,8.137831983,157.5548651,174.213325
Laupahoehoe,LSAG 69,405,800,5,98,17.51,0.25,0.28,"Benzo[b]naphtho[2,3-d]furan",218,16,10,1,,"94, 109, 189, 218",PAH,166.075493,8.137831983,157.5548651,174.213325
Laupahoehoe,LSAG 69,405,800,5,99,17.81,0.78,0.88,"Pyrene, x-methyl-",216,17,12,,,"108, 216",PAH,166.075493,8.137831983,157.5548651,174.213325
Laupahoehoe,LSAG 69,405,800,5,100,17.97,0.46,0.51,11H-Benzo[b]fluorene,216,17,12,,,"107, 216",PAH,166.075493,8.137831983,157.5548651,174.213325
Laupahoehoe,LSAG 69,405,800,5,101,18.26,0.1,0.11,"Pyrene, x-methyl-",216,17,12,,,"108, 216",PAH,166.075493,8.137831983,157.5548651,174.213325
Laupahoehoe,LSAG 69,405,800,5,102,19.86,0.41,0.46,Triphenylene,228,18,12,,,"113, 228",PAH,166.075493,8.137831983,157.5548651,174.213325
Laupahoehoe,LSAG 69,405,800,5,103,19.95,0.29,0.33,Benz(a)anthracene,228,18,12,,,"114, 228",PAH,166.075493,8.137831983,157.5548651,174.213325
Laupahoehoe,LSAG 69,400,400,,1,2.79,8.21,11.84,Urea,60,1,4,1,2,60,N-Bearing,,,,
Laupahoehoe,LSAG 69,400,400,,2,3.03,13.8,19.9,Furfural,96,5,4,2,,96,Polysaccharide,,,,
Laupahoehoe,LSAG 69,400,400,,3,3.63,7.16,10.33,"2,4-Dimethylfuran",96,6,8,1,,"67, 96",Polysaccharide,,,,
Laupahoehoe,LSAG 69,400,400,,4,4.03,5.11,7.36,"2-Furancarboxaldehyde, 5-methyl-",110,6,6,2,,"53, 110",Polysaccharide,,,,
Laupahoehoe,LSAG 69,400,400,,5,4.25,2.72,3.92,"2-Cyclopenten-1-one, 3-methyl-",96,6,8,1,,"67, 96",Polysaccharide,,,,
Laupahoehoe,LSAG 69,400,400,,6,4.36,4.41,6.36,Benzofuran,118,8,6,1,,"63, 90, 118",Aromatic,,,,
Laupahoehoe,LSAG 69,400,400,,7,4.83,2.78,4.01,1H-Indene,116,9,8,,,"89, 116",Aromatic,,,,
Laupahoehoe,LSAG 69,400,400,,8,5.09,1.3,1.88,Acetophenone,120,8,8,1,,"77, 105, 120",Aromatic,,,,
Laupahoehoe,LSAG 69,400,400,,9,5.27,1.12,1.61,"1-Propanone, 1-(2-furanyl)-",124,7,8,2,,"95, 124",Polysaccharide,,,,
Laupahoehoe,LSAG 69,400,400,,10,5.55,0.79,1.14,"Benzofuran, 2-methyl-",132,9,8,1,,"103, 131",Aromatic,,,,
Laupahoehoe,LSAG 69,400,400,,11,5.91,0.3,0.44,Benzyl nitrile,117,8,7,,1,"90, 117",N-Bearing,,,,
Laupahoehoe,LSAG 69,400,400,,12,6.05,0.52,0.74,"1H-Indene, 1-methyl-",130,10,10,,,"115, 130",Aromatic,,,,
Laupahoehoe,LSAG 69,400,400,,13,6.11,1.1,1.59,"1H-Indene, 3-methyl-",130,10,10,,,"115, 130",Aromatic,,,,
Laupahoehoe,LSAG 69,400,400,,14,6.52,1.06,1.53,"Pyridine, 2-propyl-",121,8,11,,1,"93, 106, 120",N-Bearing,,,,
Laupahoehoe,LSAG 69,400,400,,15,7.19,0.52,0.75,"Benzene, 1,3-bis(1,1-dimethylethyl)-",190,14,22,,,"57, 175, 190",Aromatic,,,,
Laupahoehoe,LSAG 69,400,400,,16,7.39,0.58,0.84,"1H-Indene, 1,1-dimethyl-",144,11,12,,,"129, 144",Aromatic,,,,
Laupahoehoe,LSAG 69,400,400,,17,7.5,0.75,1.08,"Naphthalene, 1,2-dihydro-3-methyl-",144,11,12,,,"115, 129, 144",Aromatic,,,,
Laupahoehoe,LSAG 69,400,400,,18,7.59,0.29,0.42,"1H-Indene, 1,3-dimethyl-",144,11,12,,,"129, 144",Aromatic,,,,
Laupahoehoe,LSAG 69,400,400,,19,7.68,0.57,0.83,1-Indanone,132,9,8,1,,"78, 104, 132",Aromatic,,,,
Laupahoehoe,LSAG 69,400,400,,20,7.85,0.82,1.19,"Naphthalene, 1-methyl-",142,11,10,,,"115, 142",PAH,,,,
Laupahoehoe,LSAG 69,400,400,,21,8.08,0.77,1.11,"Naphthalene, 2-methyl-",142,11,10,,,"115, 142",PAH,,,,
Laupahoehoe,LSAG 69,400,400,,22,8.56,0.41,0.6,"Benzene, heptyl-",176,13,20,,,"92, 176",Aromatic,,,,
Laupahoehoe,LSAG 69,400,400,,23,8.82,0.44,0.64,"Naphthalene, 1,2-dihydro-1,3-dimethyl-",158,12,14,,,"128, 143, 158",Aromatic,,,,
Laupahoehoe,LSAG 69,400,400,,24,9.08,0.91,1.3,"1H-Indene, 1,2,3-trimethyl-",158,12,14,,,"128, 143, 158",Aromatic,,,,
Laupahoehoe,LSAG 69,400,400,,25,9.2,0.66,0.96,"Naphthalene, 2,7-dimethyl-",156,12,12,,,"141, 156",PAH,,,,
Laupahoehoe,LSAG 69,400,400,,26,9.44,0.96,1.38,"Naphthalene, 2,6-dimethyl-",156,12,12,,,"141, 156",PAH,,,,
Laupahoehoe,LSAG 69,400,400,,27,9.83,0.51,0.73,"Napthalene, 1-ethyl-",156,12,12,,,"141, 156",PAH,,,,
Laupahoehoe,LSAG 69,400,400,,28,10.03,0.4,0.57,1-Pentadecene (C15:1),210,15,30,,,"55, 210",Alkane,,,,
Laupahoehoe,LSAG 69,400,400,,29,10.12,0.51,0.74,Pentadecane (C15),212,15,32,,,"57, 212",Alkane,,,,
Laupahoehoe,LSAG 69,400,400,,30,10.56,0.74,1.06,"1H-Inden-1-one, 2,3-dihydro-3,3,4,5-tetramethyl-",188,13,16,1,,"173, 188",Aromatic,,,,
Laupahoehoe,LSAG 69,400,400,,31,10.71,0.54,0.78,"1,1,5,6,-Tetramethyl-1,2,3,4-tetrahydronaphthalene",188,14,20,,,"173, 188",Aromatic,,,,
Laupahoehoe,LSAG 69,400,400,,32,11.1,0.44,0.63,"Naphthalene, 1,4,6-trimethyl-",170,13,14,,,"155, 170",PAH,,,,
Laupahoehoe,LSAG 69,400,400,,33,11.15,0.36,0.52,"Naphthalene, 1,6,7-trimethyl-",170,13,14,,,"155, 170",PAH,,,,
Laupahoehoe,LSAG 69,400,400,,34,11.3,0.53,0.77,Hexadecane (C16),226,16,34,,,"57, 226",Alkane,,,,
Laupahoehoe,LSAG 69,400,400,,35,11.41,0.79,1.13,"Naphthalene, 2,3,6-trimethyl-",170,13,14,,,"155, 170",PAH,,,,
Laupahoehoe,LSAG 69,400,400,,36,11.48,0.42,0.61,Fluorene,166,13,10,,,166,PAH,,,,
Laupahoehoe,LSAG 69,400,400,,37,12.22,0.26,0.37,"Benzene, decyl-",218,16,26,,,"92, 218",Aromatic,,,,
Laupahoehoe,LSAG 69,400,400,,38,12.34,0.29,0.42,1-Heptadecene (C17:1),238,17,34,,,"55, 238",Alkane,,,,
Laupahoehoe,LSAG 69,400,400,,39,12.42,0.3,0.43,Heptadecane (C17),240,17,36,,,"55, 240",Alkane,,,,
Laupahoehoe,LSAG 69,400,400,,40,12.7,0.22,0.32,"9H-Fluorene, 1-methyl-",180,14,12,,,"165, 180",PAH,,,,
Laupahoehoe,LSAG 69,400,400,,41,12.76,0.29,0.42,"9H-Fluorene, 2-methyl-",180,14,12,,,"165, 180",PAH,,,,
Laupahoehoe,LSAG 69,400,400,,42,12.81,0.32,0.46,"9H-Fluorene, 4-methyl-",180,14,12,,,"165, 180",PAH,,,,
Laupahoehoe,LSAG 69,400,400,,43,12.87,0.64,0.92,4-Methyl-E-9-octadecene,266,19,38,,,"57, 266",Alkane,,,,
Laupahoehoe,LSAG 69,400,400,,44,13.05,0.44,0.63,"1,4,5,8-Tetramethylnaphthalene",184,14,16,,,"169, 184",PAH,,,,
Laupahoehoe,LSAG 69,400,400,,45,13.35,0.15,0.22,"Benzene, undecyl-",232,17,28,,,"92, 232",Aromatic,,,,
Laupahoehoe,LSAG 69,400,400,,46,13.42,0.28,0.41,1-Octadecene,252,18,36,,,"55, 252",Alkane,,,,
Laupahoehoe,LSAG 69,400,400,,47,13.48,0.23,0.33,Octadecane,254,18,38,,,"57, 254",Alkane,,,,
Laupahoehoe,LSAG 69,400,400,,48,13.53,0.15,0.22,X-Octadecene,252,18,36,,,"55, 252",Alkane,,,,
Laupahoehoe,LSAG 69,400,400,,49,13.68,0.2,0.28,Anthracene,178,14,10,,,178,PAH,,,,
Laupahoehoe,LSAG 69,400,400,,50,14.43,0.44,0.64,"Benzene, dodecyl-",246,18,30,,,"92, 246",Aromatic,,,,
Laupahoehoe,LSAG 69,400,400,,51,14.51,0.31,0.45,Nonadecane (C19),268,19,40,,,"57, 268",Alkane,,,,
Laupahoehoe,LSAG 69,400,400,,52,14.6,0.32,0.47,"Naphthalene, 1,6-dimethyl-4-(1-methylethyl)-",198,15,18,,,"183, 198",PAH,,,,
Laupahoehoe,LSAG 69,400,400,,53,15.45,0.14,0.2,"Benzene, tridecyl-",260,29,32,,,"92, 260",Aromatic,,,,
Laupahoehoe,LSAG 69,400,400,,54,15.49,0.27,0.39,Eicosane (C20),282,20,42,,,"57, 282",Alkane,,,,
Laupahoehoe,LSAG 69,400,400,,55,16.43,0.29,0.41,Heneicosane (C21),296,21,44,,,"57, 296",Alkane,,,,
Laupahoehoe,LSAG 69,400,400,,56,17.32,0.15,0.22,Docosane (C22),310,22,46,,,"57, 310",Alkane,,,,
Laupahoehoe,LSAG 69,400,400,,57,17.37,0.04,0.06,Benzene pentadecyl,288,21,36,,,"92, 288",Aromatic,,,,
Laupahoehoe,LSAG 69,400,400,,58,18.18,0.12,0.17,Tricosane (C23),324,23,48,,,"57, 324",Alkane,,,,
Laupahoehoe,LSAG 69,400,400,,59,18.97,0.03,0.05,Benzene hexadecyl,302,22,38,,,"92, 302",Aromatic,,,,
Laupahoehoe,LSAG 69,400,400,,60,19.01,0.08,0.12,Tetracosane (C24),338,24,50,,,"57, 338",Alkane,,,,
Laupahoehoe,LSAG 69,400,400,,61,19.81,0.07,0.1,Pentacosane (C25),352,25,52,,,"57, 352",Alkane,,,,
Kokee,LSAG 113,260,355,3,1,2.11,1064271,22.69,Benzene,78,6,6,,,78,Aromatic,137.6148812,7.677302001,129.9375792,145.7987053
Kokee,LSAG 113,260,355,3,2,3.35,1050785,22.41,Dimethylbenzene,106,8,10,,,"91, 106",Aromatic,137.6148812,7.677302001,129.9375792,145.7987053
Kokee,LSAG 113,260,355,3,3,4.23,261214,5.57,"Benzene, (1-methylethenyl)-",118,9,10,,,"78, 103, 118",Aromatic,137.6148812,7.677302001,129.9375792,145.7987053
Kokee,LSAG 113,260,355,3,4,4.65,341041,7.27,Trimethylbenzene,120,9,12,,,"91, 105, 120",Aromatic,137.6148812,7.677302001,129.9375792,145.7987053
Kokee,LSAG 113,260,355,3,5,7.96,855398,18.24,"1,2,3-Trimethylindene",158,12,14,,,"115, 128, 143, 158",Aromatic,137.6148812,7.677302001,129.9375792,145.7987053
Kokee,LSAG 113,260,355,3,6,12.85,1117142,23.82,"1H-Indene, 2,3-dihydro-1,1,3-trimethyl-3-phenyl-",236,18,20,,,"91, 143, 221, 236",Aromatic,137.6148812,7.677302001,129.9375792,145.7987053
Kokee,LSAG 113,355,405,4,1,2.166,1493117,42.65272292,Benzene,78,6,6,,,78,Aromatic,151.8898574,6.091152124,145.7987053,157.847511
Kokee,LSAG 113,355,405,4,2,2.843,521212,14.88906162,Methylbenzene,91,7,8,,,91,Aromatic,151.8898574,6.091152124,145.7987053,157.847511
Kokee,LSAG 113,355,405,4,3,3.641,1180509,33.72269104,Dimethylbenzene,106,8,10,,,"91, 106",Aromatic,151.8898574,6.091152124,145.7987053,157.847511
Kokee,LSAG 113,355,405,4,4,12.873,305799,8.73552442,"1H-Indene, 2,3-dihydro-1,1,3-trimethyl-3-phenyl-",236,18,20,,,"91, 143, 221, 236",Aromatic,151.8898574,6.091152124,145.7987053,157.847511
Kokee,LSAG 113,405,800,5,1,2.14,307366987,35.8,Benzene,78,6,6,,,78,Aromatic,163.8051645,6.899312211,157.847511,164.7468232
Kokee,LSAG 113,405,800,5,2,2.43,32747376,3.81,Sulfur dioxyde,64,,,,,64,S-Bearing,163.8051645,6.899312211,157.847511,164.7468232
Kokee,LSAG 113,405,800,5,3,2.56,74176102,8.64,Methylbenzene,91,7,8,,,91,Aromatic,163.8051645,6.899312211,157.847511,164.7468232
Kokee,LSAG 113,405,800,5,4,2.78,129378584,15.07,Siloxane,,,,,,,CONT,163.8051645,6.899312211,157.847511,164.7468232
Kokee,LSAG 113,405,800,5,5,3.21,6973831,0.81,Dimethylbenzene,106,8,10,,,"91, 106",Aromatic,163.8051645,6.899312211,157.847511,164.7468232
Kokee,LSAG 113,405,800,5,6,3.4,12353195,1.44,Styrene,104,8,8,,,"78, 104",Aromatic,163.8051645,6.899312211,157.847511,164.7468232
Kokee,LSAG 113,405,800,5,7,4.13,49925317,5.82,Siloxane,,,,,,,CONT,163.8051645,6.899312211,157.847511,164.7468232
Kokee,LSAG 113,405,800,5,8,4.35,13205123,1.54,Benzofuran,118,8,6,1,,"89, 103, 118",Aromatic,163.8051645,6.899312211,157.847511,164.7468232
Kokee,LSAG 113,405,800,5,9,5.82,13490258,1.57,Siloxane,,,,,,,CONT,163.8051645,6.899312211,157.847511,164.7468232
Kokee,LSAG 113,405,800,5,10,6.47,114598849,13.35,Naphthalene,128,10,8,,,128,PAH,163.8051645,6.899312211,157.847511,164.7468232
Kokee,LSAG 113,405,800,5,11,6.59,25228069,2.94,Benzo(b)thiophene,134,,,,,"89, 134",S-Bearing,163.8051645,6.899312211,157.847511,164.7468232
Kokee,LSAG 113,405,800,5,12,7.95,5615182,0.65,Siloxane,,,,,,,CONT,163.8051645,6.899312211,157.847511,164.7468232
Kokee,LSAG 113,405,800,5,13,8.14,3935151,0.46,"Naphthanene, 2-methyl-",142,11,10,,,"115, 142",PAH,163.8051645,6.899312211,157.847511,164.7468232
Kokee,LSAG 113,405,800,5,14,8.97,16262455,1.89,Biphenyl,154,12,10,,,"76, 154",PAH,163.8051645,6.899312211,157.847511,164.7468232
Kokee,LSAG 113,405,800,5,15,10.07,2689612,0.31,Siloxane,,,,,,,CONT,163.8051645,6.899312211,157.847511,164.7468232
Kokee,LSAG 113,405,800,5,16,10.76,20861078,2.43,Dibenzofuran,168,12,8,1,,"139, 168",PAH,163.8051645,6.899312211,157.847511,164.7468232
Kokee,LSAG 113,405,800,5,17,12.04,752669,0.09,Siloxane,,,,,,,CONT,163.8051645,6.899312211,157.847511,164.7468232
Kokee,LSAG 113,405,800,5,18,13.25,2105290,0.25,Phenanthrene,178,14,10,,,178,PAH,163.8051645,6.899312211,157.847511,164.7468232
Kokee,LSAG 113,405,800,5,19,13.48,8563151,1,Dibenzothiophene,184,,,,,"139, 184",S-Bearing,163.8051645,6.899312211,157.847511,164.7468232
Kokee,LSAG 113,405,800,5,20,13.76,16579022,1.93,Anthracene,178,14,10,,,178,PAH,163.8051645,6.899312211,157.847511,164.7468232
Kokee,LSAG 113,405,800,5,21,16.91,1718484,0.2,Fluoranthene,202,16,10,,,202,PAH,163.8051645,6.899312211,157.847511,164.7468232
Kokee,LSAG 113,400,400,,1,2.59,1533787,17.84,Methylbenzene,91,7,8,,,91,Aromatic,,,,
Kokee,LSAG 113,400,400,,2,3.27,289568,3.37,Dimethylbenzene,106,8,10,,,"91, 106",Aromatic,,,,
Kokee,LSAG 113,400,400,,3,4.31,2055081,23.91,Trimethylbenzene,120,9,12,,,"91, 105, 120",Aromatic,,,,
Kokee,LSAG 113,400,400,,4,4.6,969278,11.28,Trimethylbenzene,120,9,12,,,"91, 105, 120",Aromatic,,,,
Kokee,LSAG 113,400,400,,5,6.05,397145,4.62,Tetramethylbenzene,134,10,14,,,"91, 119, 134",Aromatic,,,,
Kokee,LSAG 113,400,400,,6,6.283,176641,2.05,"1,2,3-Trimethylindene",158,12,14,,,"115, 128, 143, 158",Aromatic,,,,
Kokee,LSAG 113,400,400,,7,12.83,3174335,36.93,"1H-Indene, 2,3-dihydro-1,1,3-trimethyl-3-phenyl-",236,18,20,,,"91, 143, 221, 236",Aromatic,,,,
SA Black Basalt,Le4-1,140,280,1,5,3.547,593271,9.243505275,Dimethylbenzene,106,8,10,,,"91, 106",Aromatic,128.3262039,5.543471515,122.7827324,133.6582351
SA Black Basalt,Le4-1,140,280,1,7,4.618,179720,2.800141534,Tetramethylbenzene,134,10,14,,,"91, 119, 134",Aromatic,128.3262039,5.543471515,122.7827324,133.6582351
SA Black Basalt,Le4-1,140,280,1,8,7.537,883282,13.76204437,"Benzene, 1,3-bis(1-methylethenyl)-",158,12,14,,,"115, 128, 143, 158",Aromatic,128.3262039,5.543471515,122.7827324,133.6582351
SA Black Basalt,Le4-1,140,280,1,9,13.709,1086182,16.92334371,Siloxane,,,,,,,CONT,128.3262039,5.543471515,122.7827324,133.6582351
SA Black Basalt,Le4-1,140,280,1,10,14.798,182737,2.847148139,Eicosane (C20),282,20,42,,,"57, 282",Alkane,128.3262039,5.543471515,122.7827324,133.6582351
SA Black Basalt,Le4-1,140,280,1,11,15.288,2335469,36.38795765,Siloxane,,,,,,,CONT,128.3262039,5.543471515,122.7827324,133.6582351
SA Black Basalt,Le4-1,140,280,1,12,16.712,1123023,17.4973478,Siloxane,,,,,,,CONT,128.3262039,5.543471515,122.7827324,133.6582351
SA Black Basalt,Le4-1,140,280,1,13,18.006,34563,0.538511528,Siloxane,,,,,,,CONT,128.3262039,5.543471515,122.7827324,133.6582351
SA Black Basalt,Le4-1,280,370,2,1,2.113,46731030,73.11418607,Benzene,78,6,6,,,78,Aromatic,138.9902662,7.261092636,133.6582351,147.2573375
SA Black Basalt,Le4-1,280,370,2,2,2.739,11741532,18.37050361,Methylbenzene,91,7,8,,,91,Aromatic,138.9902662,7.261092636,133.6582351,147.2573375
SA Black Basalt,Le4-1,280,370,2,3,3.575,5442572,8.515310318,Dimethylbenzene,106,8,10,,,"91, 106",Aromatic,138.9902662,7.261092636,133.6582351,147.2573375
SA Black Basalt,Le4-1,370,420,3,1,2.138,39706646,65.12782526,Benzene,78,6,6,,,78,Aromatic,155.5244088,7.363521518,147.2573375,163.7914801
SA Black Basalt,Le4-1,370,420,3,2,2.808,15716561,25.77869303,Methylbenzene,91,7,8,,,91,Aromatic,155.5244088,7.363521518,147.2573375,163.7914801
SA Black Basalt,Le4-1,370,420,3,3,3.407,2010660,3.297934385,Dimethylbenzene,106,8,10,,,"91, 106",Aromatic,155.5244088,7.363521518,147.2573375,163.7914801
SA Black Basalt,Le4-1,370,420,3,4,3.559,3533386,5.795547324,Dimethylbenzene,106,8,10,,,"91, 106",Aromatic,155.5244088,7.363521518,147.2573375,163.7914801
SA Black Basalt,Le4-1,420,470,4,1,2.107,10223729,18.51318724,2-Propenenitrile,53,3,3,,1,53,N-Bearing,167.2111784,6.752316935,163.7914801,173.0545632
SA Black Basalt,Le4-1,420,470,4,2,2.349,15055612,27.26278875,Benzene + Pyridin,79,5,5,,1,"52, 79",N-Bearing,167.2111784,6.752316935,163.7914801,173.0545632
SA Black Basalt,Le4-1,420,470,4,3,2.798,26312645,47.64708881,Methylbenzene,91,7,8,,,91,Aromatic,167.2111784,6.752316935,163.7914801,173.0545632
SA Black Basalt,Le4-1,420,470,4,4,3.603,667410,1.208549864,Dimethylbenzene,106,8,10,,,"91, 106",Aromatic,167.2111784,6.752316935,163.7914801,173.0545632
SA Black Basalt,Le4-1,420,470,4,6,5.05,2964639,5.368385342,Benzonitrile,103,7,5,,1,"76, 103",N-Bearing,167.2111784,6.752316935,163.7914801,173.0545632
SA Black Basalt,Le4-1,470,800,5,1,2.144,80929178,75.22493022,Benzene,78,6,6,,,78,Aromatic,180.7979023,11.2295199,173.0545632,192.0274222
SA Black Basalt,Le4-1,470,800,5,2,2.596,4495819,4.178933716,Methylbenzene,91,7,8,,,91,Aromatic,180.7979023,11.2295199,173.0545632,192.0274222
SA Black Basalt,Le4-1,470,800,5,3,4.592,16902555,15.71118788,Benzonitrile,103,7,5,,1,"76, 103",N-Bearing,180.7979023,11.2295199,173.0545632,192.0274222
SA Black Basalt,Le4-1,470,800,5,4,7.071,5255370,4.884948189,Naphthalene,128,10,8,,,128,PAH,180.7979023,11.2295199,173.0545632,192.0274222
SA Black Basalt,Le4-1,400,400,,1,2.63,29549698,38.2,Methylbenzene,91,7,8,,,91,Aromatic,,,,
SA Black Basalt,Le4-1,400,400,,2,3.07,7833698,10.13,Furfural,96,5,4,2,,96,Polysaccharide,,,,
SA Black Basalt,Le4-1,400,400,,3,3.24,14591536,18.86,Dimethylbenzene,106,8,10,,,"91, 106",Aromatic,,,,
SA Black Basalt,Le4-1,400,400,,4,3.43,13763499,17.79,Styrene,104,8,8,,,"78, 104",Aromatic,,,,
SA Black Basalt,Le4-1,400,400,,5,3.99,4140771,5.35,Trimethylbenzene,120,9,12,,,"91, 105, 120",Aromatic,,,,
SA Black Basalt,Le4-1,400,400,,6,4.16,2039595,2.64,Trimethylbenzene,120,9,12,,,"91, 105, 120",Aromatic,,,,
SA Black Basalt,Le4-1,400,400,,7,4.32,3184316,4.12,Trimethylbenzene,120,9,12,,,"91, 105, 120",Aromatic,,,,
SA Black Basalt,Le4-1,400,400,,8,4.61,1428687,1.85,"Benzene, (1-methylethyl)-",120,9,12,,,"91, 105, 120",Aromatic,,,,
SA Black Basalt,Le4-1,400,400,,9,4.93,829759,1.07,Tetramethylbenzene,134,10,14,,,"91, 119, 134",Aromatic,,,,
MiB1 Spodosol,MiB1 MOM,250,320,2,1,2.22,,100,Methylfuran,82,5,6,1,,"53, 82",Polysaccharide,131.9723646,6.04664249,125.9257221,136.3994781
MiB1 Spodosol,MiB1 MOM,320,355,3,1,2.32,2219345,93.42,Benzene,78,6,6,,,78,Aromatic,140.8265916,5.561389949,136.3994781,144.8777334
MiB1 Spodosol,MiB1 MOM,320,355,3,2,3.09,156412,6.58,Methylbenzene,91,7,8,,,91,Aromatic,140.8265916,5.561389949,136.3994781,144.8777334
MiB1 Spodosol,MiB1 MOM,355,395,4,1,2.266,1657043,55.44202745,Benzene,78,6,6,,,78,Aromatic,148.9288751,5.811592735,144.8777334,155.6196392
MiB1 Spodosol,MiB1 MOM,355,395,4,2,3.077,990181,33.12988388,Methylbenzene,91,7,8,,,91,Aromatic,148.9288751,5.811592735,144.8777334,155.6196392
MiB1 Spodosol,MiB1 MOM,355,395,4,3,3.603,341561,11.42808867,Dimethylbenzene,106,8,10,,,"91, 106",Aromatic,148.9288751,5.811592735,144.8777334,155.6196392
MiB1 Spodosol,MiB1 MOM,395,800,5,1,2.096,62731605,53.64925685,Benzene,78,6,6,,,78,Aromatic,162.3104033,8.982530609,155.6196392,171.2929339
MiB1 Spodosol,MiB1 MOM,395,800,5,2,2.557,18071471,15.45506431,Methylbenzene,91,7,8,,,91,Aromatic,162.3104033,8.982530609,155.6196392,171.2929339
MiB1 Spodosol,MiB1 MOM,395,800,5,3,3.238,3319148,2.838598241,Methylbenzene,91,7,8,,,91,Aromatic,162.3104033,8.982530609,155.6196392,171.2929339
MiB1 Spodosol,MiB1 MOM,395,800,5,4,3.263,808819,0.691717329,Dimethylbenzene,106,8,10,,,"91, 106",Aromatic,162.3104033,8.982530609,155.6196392,171.2929339
MiB1 Spodosol,MiB1 MOM,395,800,5,5,3.534,1972626,1.687027121,Styrene,104,8,8,,,"78, 104",Aromatic,162.3104033,8.982530609,155.6196392,171.2929339
MiB1 Spodosol,MiB1 MOM,395,800,5,6,4.523,12396210,10.6014736,Benzofuran,118,8,6,1,,"63, 89, 118",Aromatic,162.3104033,8.982530609,155.6196392,171.2929339
MiB1 Spodosol,MiB1 MOM,395,800,5,7,6.644,12192530,10.42728261,Naphthalene,128,10,8,,,128,PAH,162.3104033,8.982530609,155.6196392,171.2929339
MiB1 Spodosol,MiB1 MOM,395,800,5,8,9.879,1018313,0.870880566,Biphenyl,154,12,10,,,"76, 154",PAH,162.3104033,8.982530609,155.6196392,171.2929339
MiB1 Spodosol,MiB1 MOM,395,800,5,9,11.66,3365830,2.878521571,Dibenzofuran,168,12,8,1,,"139, 168",PAH,162.3104033,8.982530609,155.6196392,171.2929339
MiB1 Spodosol,MiB1 MOM,395,800,5,10,14.977,1052570,0.900177802,Anthracene,178,14,10,,,178,PAH,162.3104033,8.982530609,155.6196392,171.2929339
MiB1 Spodosol - Bulk,MiB1 Bulk,250,310,2,1,3.85,,100,"Furan, 2,5-dimethyl",96,6,8,1,,"81, 96",Polysaccharide,,,,
MiB1 Spodosol - Bulk,MiB1 Bulk,310,350,3,1,2.41,,100,"Furan, 3-methyl",82,5,6,1,,"53, 82",Polysaccharide,,,,
MiB1 Spodosol - Bulk,MiB1 Bulk,350,385,4,1,2.415,1561767,51.47483224,"Furan, 3-methyl",82,5,6,1,,"53, 82",Polysaccharide,,,,
MiB1 Spodosol - Bulk,MiB1 Bulk,350,385,4,2,2.97,1069436,35.24792026,Methylbenzene,91,7,8,,,91,Aromatic,,,,
MiB1 Spodosol - Bulk,MiB1 Bulk,350,385,4,3,3.558,402837,13.2772475,Dimethylbenzene,106,8,10,,,"91, 106",Aromatic,,,,
MiB1 Spodosol - Bulk,MiB1 Bulk,385,800,5,1,2.14,92484321,50.48877489,Benzene,78,6,6,,,78,Aromatic,,,,
MiB1 Spodosol - Bulk,MiB1 Bulk,385,800,5,2,2.58,38127766,20.81460051,Methylbenzene,91,7,8,,,91,Aromatic,,,,
MiB1 Spodosol - Bulk,MiB1 Bulk,385,800,5,3,3.24,3319148,1.811979743,Methylbenzene,91,7,8,,,91,Aromatic,,,,
MiB1 Spodosol - Bulk,MiB1 Bulk,385,800,5,4,3.43,6101451,3.330886606,Styrene,104,8,8,,,"78, 104",Aromatic,,,,
MiB1 Spodosol - Bulk,MiB1 Bulk,385,800,5,5,4.19,423752,0.231333475,Methylstyrene,118,9,10,,,"77, 91, 105, 118",Aromatic,,,,
MiB1 Spodosol - Bulk,MiB1 Bulk,385,800,5,6,4.34,2622711,1.431782856,Benzonitrile,103,7,5,,1,"76, 103",N-Bearing,,,,
MiB1 Spodosol - Bulk,MiB1 Bulk,385,800,5,7,4.38,7965860,4.348699412,Benzofuran,118,8,6,1,,"63, 89, 118",Aromatic,,,,
MiB1 Spodosol - Bulk,MiB1 Bulk,385,800,5,8,6.54,14182957,7.74271915,Naphthalene,128,10,8,,,128,PAH,,,,
MiB1 Spodosol - Bulk,MiB1 Bulk,385,800,5,9,8.3,2834821,1.547577338,x-Methylnapthanene,142,11,10,,,"115, 242",PAH,,,,
MiB1 Spodosol - Bulk,MiB1 Bulk,385,800,5,10,9.47,2427240,1.325071889,Biphenyl,154,12,10,,,"76, 154",PAH,,,,
MiB1 Spodosol - Bulk,MiB1 Bulk,385,800,5,11,11.26,6651958,3.631417806,Dibenzofuran,168,12,8,1,,"139, 168",PAH,,,,
MiB1 Spodosol - Bulk,MiB1 Bulk,385,800,5,12,14.54,6036001,3.29515633,Anthracene,178,14,10,,,178,PAH,,,,
MiB1 Spodosol - Bulk,MiB1 Bulk,400,400,,1,2.11,16442721,19.73,Benzene,78,6,6,,,78,Aromatic,,,,
MiB1 Spodosol - Bulk,MiB1 Bulk,400,400,,2,2.57,21294466,25.55,Methylbenzene+Pyridin,91,7,8,,,91,Aromatic,,,,
MiB1 Spodosol - Bulk,MiB1 Bulk,400,400,,3,2.98,22008234,26.41,Furfural,96,5,4,2,,96,Polysaccharide,,,,
MiB1 Spodosol - Bulk,MiB1 Bulk,400,400,,4,3.21,9707005,11.65,Dimethylbenzene,106,8,10,,,"91, 106",Aromatic,,,,
MiB1 Spodosol - Bulk,MiB1 Bulk,400,400,,5,4.11,4428021,5.31,Methylfurfural,110,6,6,2,,"53, 110",Polysaccharide,,,,
MiB1 Spodosol - Bulk,MiB1 Bulk,400,400,,6,4.16,3579995,4.3,Methylfurfural,110,6,6,2,,"53, 110",Polysaccharide,,,,
MiB1 Spodosol - Bulk,MiB1 Bulk,400,400,,7,4.87,1732060,2.08,"Benzene, (1-methylethyl)-",120,9,12,,,"105, 120",Aromatic,,,,
MiB1 Spodosol - Bulk,MiB1 Bulk,400,400,,8,4.91,1643232,1.97,Tetramethylbenzene,134,10,14,,,"91, 119, 134",Aromatic,,,,
MiB1 Spodosol - Bulk,MiB1 Bulk,400,400,,9,6.05,407637,0.49,"Benzene, 1-ethyl-2,3-dimethyl-",134,10,14,,,"91, 119, 134",Aromatic,,,,
MiB1 Spodosol - Bulk,MiB1 Bulk,400,400,,10,10.26,496628,0.6,"2H-Inden-2-one, 1,3-dihydro-1,1,3,3-tetramethyl-",188,13,16,1,,"145, 188",Aromatic,,,,
MiB1 Spodosol - Bulk,MiB1 Bulk,400,400,,11,10.57,1602399,1.92,"1,4,5,6-Pentamethyl-2,3-dihydro-1H-indene",188,14,20,,,"173, 188",Aromatic,,,,
SA Gr Toeslope,SA 742,250,340,2,1,2.266,2771659,58.72233545,Methylfuran,82,5,6,1,,"53, 82",Polysaccharide,135.4214923,6.537212415,128.8842799,141.1524339
SA Gr Toeslope,SA 742,250,340,2,2,3.603,1408003,29.83095124,Dimethylbenzene,106,8,10,,,"91, 106",Aromatic,135.4214923,6.537212415,128.8842799,141.1524339
SA Gr Toeslope,SA 742,250,340,2,3,4.329,540278,11.44671331,Trimethylbenzene,120,9,12,,,"91, 105, 120",Aromatic,135.4214923,6.537212415,128.8842799,141.1524339
SA Gr Toeslope,SA 742,340,375,3,1,2.266,838162,44.32177524,Methylfuran,82,5,6,1,,"53, 82",Polysaccharide,146.8833754,6.55257806,141.1524339,162.5793672
SA Gr Toeslope,SA 742,340,375,3,2,2.825,617024,32.62805883,Dimethylbenzene,106,8,10,,,"91, 106",Aromatic,146.8833754,6.55257806,141.1524339,162.5793672
SA Gr Toeslope,SA 742,340,375,3,3,3.552,435898,23.05016594,Trimethylbenzene,120,9,12,,,"91, 105, 120",Aromatic,146.8833754,6.55257806,141.1524339,162.5793672
SA Gr Toeslope,SA 742,460,800,5,1,2.16,1240825,65.52121265,Benzene,78,6,6,,,78,Aromatic,178.275359,6.7452139,162.5793672,185.0205729
SA Gr Toeslope,SA 742,460,800,5,2,5.958,652951,34.47878735,Benzonitrile,103,7,5,,1,"76, 103",N-Bearing,178.275359,6.7452139,162.5793672,185.0205729
SA Gr Toeslope,SA 742,400,400,,1,2.64,13560714,39.76,Methylbenzene,91,7,8,,,91,Aromatic,,,,
SA Gr Toeslope,SA 742,400,400,,2,3.26,6411749,18.8,Dimethylbenzene,106,8,10,,,"91, 106",Aromatic,,,,
SA Gr Toeslope,SA 742,400,400,,3,3.43,7940273,23.28,Dimethylbenzene,106,8,10,,,"91, 106",Aromatic,,,,
SA Gr Toeslope,SA 742,400,400,,4,4.02,2127112,6.24,Trimethylbenzene,120,9,12,,,"91, 105, 120",Aromatic,,,,
SA Gr Toeslope,SA 742,400,400,,5,4.33,2850145,8.36,Trimethylbenzene,120,9,12,,,"91, 105, 120",Aromatic,,,,
SA Gr Toeslope,SA 742,400,400,,6,4.62,1219880,3.58,"Benzene, (1-methylethyl)-",120,9,12,,,"91, 105, 120",Aromatic,,,,
SA Gr Crest,SA 776,140,255,1,1,3.724,,100,Hexane (C6),86,6,14,,,"57, 86",CONT,122.4544525,7.229297457,115.225155,128.4970601
SA Gr Crest,SA 776,255,342,2,1,2.135,748168,61.29319258,Methylfuran,82,5,6,1,,"53, 82",Polysaccharide,134.5396677,7.111483039,128.4970601,142.5107401
SA Gr Crest,SA 776,255,342,2,,2.748,472470,38.70680742,Hexane (C6),86,6,14,,,"57, 86",CONT,134.5396677,7.111483039,128.4970601,142.5107401
SA Gr Crest,SA 776,342,410,3,1,2.002,204348,41.29568892,Methylfuran,82,5,6,1,,"53, 82",Polysaccharide,150.4818125,7.424067571,142.5107401,157.6525107
SA Gr Crest,SA 776,342,410,3,,2.78,290493,58.70431108,Hexane (C6),86,6,14,,,"57, 86",CONT,150.4818125,7.424067571,142.5107401,157.6525107
SA Gr Crest,SA 776,410,480,4,1,2.25,353925,41.55,Benzene,78,6,6,,,78,Aromatic,164.8232089,7.028851698,157.6525107,171.6008502
SA Gr Crest,SA 776,410,480,4,2,2.77,278674,32.71,Hexane (C6),86,6,14,,,"57, 86",CONT,164.8232089,7.028851698,157.6525107,171.6008502
SA Gr Crest,SA 776,410,480,4,3,3.16,219252,25.74,Methylbenzene,91,7,8,,,91,Aromatic,164.8232089,7.028851698,157.6525107,171.6008502
SA Gr Crest,SA 776,480,800,5,1,2.137,3731400,92.53539391,Benzene,78,6,6,,,78,Aromatic,178.3784914,8.007953724,171.6008502,186.3864451
SA Gr Crest,SA 776,480,800,5,2,2.768,207371,5.142615954,Siloxane,,,,,,,CONT,178.3784914,8.007953724,171.6008502,186.3864451
SA Gr Crest,SA 776,480,800,5,3,4.124,62167,1.541686186,Siloxane,,,,,,,CONT,178.3784914,8.007953724,171.6008502,186.3864451
SA Gr Crest,SA 776,480,800,5,,5.82,31465,0.780303953,Siloxane,,,,,,,CONT,178.3784914,8.007953724,171.6008502,186.3864451
SA Gr Crest,SA 776,400,400,,1,2.613,912597,8.803236314,Methylbenzene+Pyridin,91,7,8,,,91,Aromatic,,,,
SA Gr Crest,SA 776,400,400,,2,3.078,745351,7.189921718,Furfural,96,5,4,2,,96,Polysaccharide,,,,
SA Gr Crest,SA 776,400,400,,3,11.303,489915,4.725894912,Hexadecane (C16),226,16,34,,,"57, 226",Alkane,,,,
SA Gr Crest,SA 776,400,400,,4,13.733,2294009,22.12882941,Siloxane,,,,,,,CONT,,,,
SA Gr Crest,SA 776,400,400,,5,14.775,873105,8.42228239,Nonadecane (C19),268,19,40,,,"57, 268",Alkane,,,,
SA Gr Crest,SA 776,400,400,,6,15.3,2893307,27.90987177,Siloxane,,,,,,,CONT,,,,
SA Gr Crest,SA 776,400,400,,7,16.719,1827452,17.6282541,Siloxane,,,,,,,CONT,,,,
SA Gr Crest,SA 776,400,400,,8,18,330872,3.191709381,Siloxane,,,,,,,CONT,,,,
AN Sierra,AN Sierra,245,340,2,1,2.29,19.79,20.32,Methylfuran,82,5,6,1,,"53, 82",Polysaccharide,136.6688015,5.046615106,131.6221864,142.3620988
AN Sierra,AN Sierra,245,340,2,2,2.65,9.82,10.08,Pyridine,79,5,5,,1,"52, 79",N-Bearing,136.6688015,5.046615106,131.6221864,142.3620988
AN Sierra,AN Sierra,245,340,2,3,2.92,6.51,6.69,"1H-Imidazole, 2,4-dimethyl-",96,5,8,,2,"54, 96",N-Bearing,136.6688015,5.046615106,131.6221864,142.3620988
AN Sierra,AN Sierra,245,340,2,4,3.08,32.77,33.66,Furfural,96,5,4,2,,96,Polysaccharide,136.6688015,5.046615106,131.6221864,142.3620988
AN Sierra,AN Sierra,245,340,2,5,3.64,5.23,5.38,2-Acetylfuran,110,6,6,2,,"95, 110",Polysaccharide,136.6688015,5.046615106,131.6221864,142.3620988
AN Sierra,AN Sierra,245,340,2,6,4.06,9.3,9.55,"2-Furancarboxaldehyde, 5-methyl-",110,6,6,2,,"81, 110",Polysaccharide,136.6688015,5.046615106,131.6221864,142.3620988
AN Sierra,AN Sierra,245,340,2,7,5.58,9.32,9.57,Levoglucosenone,126,6,6,3,,"68, 98, 126",Polysaccharide,136.6688015,5.046615106,131.6221864,142.3620988
AN Sierra,AN Sierra,245,340,2,8,6.43,1.06,1.09,"2,6-nonadienal (E,Z or E,E)",138,9,14,1,,"69, 109",Other,136.6688015,5.046615106,131.6221864,142.3620988
AN Sierra,AN Sierra,245,340,2,9,8.63,0.58,0.59,"Naphthalene, 1,2,3,4-tetrahydro-1,1,6-trimethyl-",174,13,18,,,"159, 174",Other,136.6688015,5.046615106,131.6221864,142.3620988
AN Sierra,AN Sierra,245,340,2,10,10.63,0.47,0.49,"1,1,4,5,6-Pentamethyl-2,3-dihydro-1H-indene",188,14,20,,,"173, 188",Other,136.6688015,5.046615106,131.6221864,142.3620988
AN Sierra,AN Sierra,245,340,2,11,12.97,1.16,1.19,Isobutyl laurate,256,16,32,2,,"56, 183, 201, 256",CONT,136.6688015,5.046615106,131.6221864,142.3620988
AN Sierra,AN Sierra,245,340,2,12,14.67,0.55,0.56,C14 Alkylfuran,264,18,32,1,,"81, 95, 264",Other,136.6688015,5.046615106,131.6221864,142.3620988
AN Sierra,AN Sierra,245,340,2,13,16.55,0.81,0.83,Fatty acid alkyl ester,,,,,,,Lipid,136.6688015,5.046615106,131.6221864,142.3620988
AN Sierra,AN Sierra,340,390,3,1,2.34,2.24,3.66202250130822,Methylfuran,82,5,6,1,,"53, 82",Polysaccharide,148.0553961,8.242879769,142.3620988,156.9065972
AN Sierra,AN Sierra,340,390,3,2,2.63,2.2,3.60560570381999,Pyridine,79,5,5,,1,"52, 79",N-Bearing,148.0553961,8.242879769,142.3620988,156.9065972
AN Sierra,AN Sierra,340,390,3,3,2.71,6.27,10.2596807953951,Methylbenzene (Bz-C1),92,7,8,,,91,Aromatic,148.0553961,8.242879769,142.3620988,156.9065972
AN Sierra,AN Sierra,340,390,3,4,3.09,13.45,21.9878335949765,Furfural,96,5,4,2,,96,Polysaccharide,148.0553961,8.242879769,142.3620988,156.9065972
AN Sierra,AN Sierra,340,390,3,5,3.63,2.23,3.64272632129775,2-Acetylfuran,110,6,6,2,,"95, 110",Polysaccharide,148.0553961,8.242879769,142.3620988,156.9065972
AN Sierra,AN Sierra,340,390,3,6,4.09,2.74,4.4804748822606,"2-Furancarboxaldehyde, 5-methyl-",110,6,6,2,,"81, 110",Polysaccharide,148.0553961,8.242879769,142.3620988,156.9065972
AN Sierra,AN Sierra,340,390,3,7,4.86,10.41,17.0265894819466,Benzeneacetaldehyde,120,8,8,1,,"65, 91, 120",Aromatic,148.0553961,8.242879769,142.3620988,156.9065972
AN Sierra,AN Sierra,340,390,3,8,6.18,2.26,3.69816195709053,Indene-C1,130,10,10,,,"115, 130",Aromatic,148.0553961,8.242879769,142.3620988,156.9065972
AN Sierra,AN Sierra,340,390,3,9,11.1,1.72,2.81838697017268,Glutaric acid dibutyl ester,244,13,24,4,,"115, 142, 171, 189",Lipid,148.0553961,8.242879769,142.3620988,156.9065972
AN Sierra,AN Sierra,340,390,3,10,12.97,4.23,6.9142464678179,Isobutyl laurate,256,16,32,2,,"56, 183, 201, 256",CONT,148.0553961,8.242879769,142.3620988,156.9065972
AN Sierra,AN Sierra,340,390,3,11,13.48,1.3,2.12290685504971,1-Octadecene,252,18,36,,,"55, 252",Alkane,148.0553961,8.242879769,142.3620988,156.9065972
AN Sierra,AN Sierra,340,390,3,12,14.66,4.09,6.69086865515437,C14 Alkylfuran,264,18,32,1,,"81, 95, 264",Other,148.0553961,8.242879769,142.3620988,156.9065972
AN Sierra,AN Sierra,340,390,3,13,15.5,1,1.64279173207745,1-Eicosene,280,20,40,,,"55, 280",Alkane,148.0553961,8.242879769,142.3620988,156.9065972
AN Sierra,AN Sierra,340,390,3,14,16.54,3.5,5.72278911564626,Fatty acid alkyl ester,,,,,,,Lipid,148.0553961,8.242879769,142.3620988,156.9065972
AN Sierra,AN Sierra,340,390,3,15,17.34,1.01,1.64589874411303,C22,308,22,44,,,"55, 308",Alkane,148.0553961,8.242879769,142.3620988,156.9065972
AN Sierra,AN Sierra,340,390,3,16,18.3,1.38,2.25765306122449,Fatty acid alkyl ester,,,,,,,Lipid,148.0553961,8.242879769,142.3620988,156.9065972
AN Sierra,AN Sierra,340,390,3,17,19.92,1.11,1.82136316064888,Fatty acid alkyl ester,,,,,,,Lipid,148.0553961,8.242879769,142.3620988,156.9065972
AN Sierra,AN Sierra,390,495,4,1,2.42,6.33,9.42170375908941,Benzene,78,6,6,,,78,Aromatic,165.7577982,8.302134045,156.9065972,177.7432768
AN Sierra,AN Sierra,390,495,4,2,2.57,2.46,3.6651047236612,Pyridine,79,5,5,,1,"52, 79",N-Bearing,165.7577982,8.302134045,156.9065972,177.7432768
AN Sierra,AN Sierra,390,495,4,3,2.69,7.61,11.3323780954622,Methylbenzene (Bz-C1),92,7,8,,,91,Aromatic,165.7577982,8.302134045,156.9065972,177.7432768
AN Sierra,AN Sierra,390,495,4,4,3.09,4.27,6.35923298966616,"1H-Pyrrole, 3-methyl-",81,5,7,,1,"53, 80",N-Bearing,165.7577982,8.302134045,156.9065972,177.7432768
AN Sierra,AN Sierra,390,495,4,5,3.29,3.19,4.75330137953428,p-Xylene (Bz-C2),106,8,10,,,"91, 106",Aromatic,165.7577982,8.302134045,156.9065972,177.7432768
AN Sierra,AN Sierra,390,495,4,6,3.48,1.52,2.26382438716327,Styrene,104,8,8,,,"51, 78, 104",Aromatic,165.7577982,8.302134045,156.9065972,177.7432768
AN Sierra,AN Sierra,390,495,4,7,3.55,1.93,2.87613980631113,"2-Cyclopenten-1-one, 2-methyl",96,6,8,1,,"53, 67, 96",Polysaccharide,165.7577982,8.302134045,156.9065972,177.7432768
AN Sierra,AN Sierra,390,495,4,8,3.76,2.08,3.0977708799409,"Pyridine, 2,4-dimethyl-",107,7,9,,1,"79, 92, 107",N-Bearing,165.7577982,8.302134045,156.9065972,177.7432768
AN Sierra,AN Sierra,390,495,4,9,4.14,1.58,2.35795801521033,Phenol,94,6,6,1,,"66, 94",Aromatic,165.7577982,8.302134045,156.9065972,177.7432768
AN Sierra,AN Sierra,390,495,4,10,4.39,3.16,4.71100082515871,Benzofuran,118,8,6,1,,"90, 118",Aromatic,165.7577982,8.302134045,156.9065972,177.7432768
AN Sierra,AN Sierra,390,495,4,11,4.91,3.46,5.14845409347231,Indene,116,9,8,,,"89, 116",Aromatic,165.7577982,8.302134045,156.9065972,177.7432768
AN Sierra,AN Sierra,390,495,4,12,5.09,1.95,2.90741838525081,Phenol-C1,108,7,8,1,,"79, 108",Aromatic,165.7577982,8.302134045,156.9065972,177.7432768
AN Sierra,AN Sierra,390,495,4,13,5.36,1.13,1.68636224169107,C11,156,11,24,,,"57, 156",Alkane,165.7577982,8.302134045,156.9065972,177.7432768
AN Sierra,AN Sierra,390,495,4,14,6.09,1.01,1.50777645050686,1-Methylindene (Indene-C1),130,10,10,,,"115, 130",Aromatic,165.7577982,8.302134045,156.9065972,177.7432768
AN Sierra,AN Sierra,390,495,4,15,6.15,1.82,2.71557643442074,Indene-C1,130,10,10,,,"115, 130",Aromatic,165.7577982,8.302134045,156.9065972,177.7432768
AN Sierra,AN Sierra,390,495,4,16,6.43,0.74,1.10934693306086,C12,170,12,26,,,"57, 170",Aromatic,165.7577982,8.302134045,156.9065972,177.7432768
AN Sierra,AN Sierra,390,495,4,17,6.53,1.27,1.88788565743105,Naphthalene,128,10,8,,,128,PAH,165.7577982,8.302134045,156.9065972,177.7432768
AN Sierra,AN Sierra,390,495,4,18,7.34,0.59,0.882800654169137,Indene-C2,144,11,12,,,"129, 144",Aromatic,165.7577982,8.302134045,156.9065972,177.7432768
AN Sierra,AN Sierra,390,495,4,19,7.43,0.74,1.10383594534292,Indene-C2,144,11,12,,,"129, 144",Aromatic,165.7577982,8.302134045,156.9065972,177.7432768
AN Sierra,AN Sierra,390,495,4,20,7.66,0.97,1.44819820490746,Indanone,132,9,8,1,,"78, 104, 132",Aromatic,165.7577982,8.302134045,156.9065972,177.7432768
AN Sierra,AN Sierra,390,495,4,21,7.88,0.93,1.38921574176405,"Naphthalene, x-methyl- (Naph-C1)",142,11,10,,,"115, 142",PAH,165.7577982,8.302134045,156.9065972,177.7432768
AN Sierra,AN Sierra,390,495,4,22,8.1,0.8,1.18739443479608,Naph-C1,142,11,10,,,"115, 142",PAH,165.7577982,8.302134045,156.9065972,177.7432768
AN Sierra,AN Sierra,390,495,4,23,8.88,0.93,1.3841515908881,C14,198,14,30,,,"57, 198",Alkane,165.7577982,8.302134045,156.9065972,177.7432768
AN Sierra,AN Sierra,390,495,4,24,8.97,0.87,1.28957112599905,Indole-C1 ,131,9,9,,1,"77, 103, 130",N-Bearing,165.7577982,8.302134045,156.9065972,177.7432768
AN Sierra,AN Sierra,390,495,4,25,9.23,0.75,1.11679421376079,"Naphthalene, x,x-dimethyl- (Naph-C2)",156,12,12,,,"141, 156",PAH,165.7577982,8.302134045,156.9065972,177.7432768
AN Sierra,AN Sierra,390,495,4,26,9.42,1.29,1.92437733286068,Naph-C2,156,12,12,,,"141, 156",PAH,165.7577982,8.302134045,156.9065972,177.7432768
AN Sierra,AN Sierra,390,495,4,27,9.66,1.09,1.62544348556568,Naph-C2,156,12,12,,,"141, 156",PAH,165.7577982,8.302134045,156.9065972,177.7432768
AN Sierra,AN Sierra,390,495,4,28,9.87,0.98,1.46264592946532,Naph-C2,156,12,12,,,"141, 156",PAH,165.7577982,8.302134045,156.9065972,177.7432768
AN Sierra,AN Sierra,390,495,4,29,10.1,0.44,0.657892777031395,C15:1,210,15,30,,,"55, 210",Alkane,165.7577982,8.302134045,156.9065972,177.7432768
AN Sierra,AN Sierra,390,495,4,30,10.18,1.32,1.96578421355227,C15,212,15,32,,,"57, 212",Alkane,165.7577982,8.302134045,156.9065972,177.7432768
AN Sierra,AN Sierra,390,495,4,31,11.27,0.44,0.658190668259392,C16:1,226,16,34,,,"57, 226",Alkane,165.7577982,8.302134045,156.9065972,177.7432768
AN Sierra,AN Sierra,390,495,4,32,11.4,1.07,1.59520752592399,Fluorene,166,13,10,,,"82, 166",PAH,165.7577982,8.302134045,156.9065972,177.7432768
AN Sierra,AN Sierra,390,495,4,33,12.4,0.37,0.546928294602509,C17:1,238,17,34,,,"55, 238",Alkane,165.7577982,8.302134045,156.9065972,177.7432768
AN Sierra,AN Sierra,390,495,4,34,12.47,0.4,0.595484564766022,C17,240,17,36,,,"57, 240",Alkane,165.7577982,8.302134045,156.9065972,177.7432768
AN Sierra,AN Sierra,390,495,4,35,12.68,0.7,1.04693872079549,Fluorene-C1,180,14,12,,,"165, 180",PAH,165.7577982,8.302134045,156.9065972,177.7432768
AN Sierra,AN Sierra,390,495,4,36,12.79,0.46,0.678596217377187,Fluorene-C1,180,14,12,,,"165, 180",PAH,165.7577982,8.302134045,156.9065972,177.7432768
AN Sierra,AN Sierra,390,495,4,37,13.48,0.39,0.574334287578234,C18:1,252,18,36,,,"55, 252",Alkane,165.7577982,8.302134045,156.9065972,177.7432768
AN Sierra,AN Sierra,390,495,4,38,13.55,0.31,0.462625077079356,C18,254,18,38,,,"57, 254",Alkane,165.7577982,8.302134045,156.9065972,177.7432768
AN Sierra,AN Sierra,390,495,4,39,13.62,0.43,0.642700324403548,Anthracene/Phenanthrene,178,14,10,,,"82, 166",PAH,165.7577982,8.302134045,156.9065972,177.7432768
AN Sierra,AN Sierra,390,495,4,40,13.74,0.23,0.344213313950544,Anthracene/Phenanthrene,178,14,10,,,"82, 166",PAH,165.7577982,8.302134045,156.9065972,177.7432768
AN Sierra,AN Sierra,390,495,4,41,14.51,0.81,1.20467212601991,Bz-C12,246,18,30,,,"91, 92, 146",Aromatic,165.7577982,8.302134045,156.9065972,177.7432768
AN Sierra,AN Sierra,390,495,4,42,14.57,0.28,0.411834622705866,C19:1,266,19,38,,,"55, 266",Alkane,165.7577982,8.302134045,156.9065972,177.7432768
AN Sierra,AN Sierra,390,495,4,43,14.61,0.52,0.771538280512254,C19,268,19,40,,,"57, 268",Alkane,165.7577982,8.302134045,156.9065972,177.7432768
AN Sierra,AN Sierra,390,495,4,44,15.5,0.69,1.02370320501172,C20:1,280,20,40,,,"55, 280",Alkane,165.7577982,8.302134045,156.9065972,177.7432768
AN Sierra,AN Sierra,390,495,4,45,15.55,0.57,0.843776903301529,C20,282,20,42,,,"57, 282",Alkane,165.7577982,8.302134045,156.9065972,177.7432768
AN Sierra,AN Sierra,390,495,4,46,16.43,0.33,0.488392668301097,C21:1,294,21,42,,,"55, 294",Alkane,165.7577982,8.302134045,156.9065972,177.7432768
AN Sierra,AN Sierra,390,495,4,47,16.49,0.61,0.907525626092889,C21,296,21,44,,,"57, 296",Alkane,165.7577982,8.302134045,156.9065972,177.7432768
AN Sierra,AN Sierra,390,495,4,48,17.38,0.56,0.83767013312759,C22,310,22,46,,,"57, 310",Alkane,165.7577982,8.302134045,156.9065972,177.7432768
AN Sierra,AN Sierra,390,495,4,49,18.24,0.35,0.521309648994766,C23,324,23,48,,,"57, 324",Alkane,165.7577982,8.302134045,156.9065972,177.7432768
AN Sierra,AN Sierra,390,495,4,50,19.07,0.17,0.250675468359483,C24,338,24,50,,,"57, 338",Alkane,165.7577982,8.302134045,156.9065972,177.7432768
AN Sierra,AN Sierra,390,495,4,51,19.91,0.12,0.173372694694259,C25,352,25,52,,,"57, 352",Alkane,165.7577982,8.302134045,156.9065972,177.7432768
AN Sierra,AN Sierra,390,495,4,52,20.62,0.08,0.114837068392847,C26,366,26,54,,,"57, 366",Alkane,165.7577982,8.302134045,156.9065972,177.7432768
AN Sierra,AN Sierra,390,495,4,53,21.36,0.04,0.0661318526153361,C27,380,27,56,,,"57, 380",Alkane,165.7577982,8.302134045,156.9065972,177.7432768
AN Sierra,AN Sierra,495,800,5,1,2.09,1.05,1.16591098362173,"1,3-Cyclohexadiene",80,6,8,,,"51, 79, 80",Alkane,189.7287554,11.35789858,177.7432768,201.086654
AN Sierra,AN Sierra,495,800,5,2,2.17,16.17,18.0320430421603,Benzene,78,6,6,,,78,Aromatic,189.7287554,11.35789858,177.7432768,201.086654
AN Sierra,AN Sierra,495,800,5,3,2.49,4.41,4.91660358469131,Pyridine,79,5,5,,1,"52, 79",N-Bearing,189.7287554,11.35789858,177.7432768,201.086654
AN Sierra,AN Sierra,495,800,5,4,2.61,10.93,12.1813059585432,Methylbenzene (Bz-C1),92,7,8,,,91,Aromatic,189.7287554,11.35789858,177.7432768,201.086654
AN Sierra,AN Sierra,495,800,5,5,2.88,1.3,1.44596150866072,"Pyridine, 2-methyl-",93,6,7,,1,"66, 78, 93",N-Bearing,189.7287554,11.35789858,177.7432768,201.086654
AN Sierra,AN Sierra,495,800,5,6,2.99,0.54,0.602688351258276,"1H-Pyrrole, 2-methyl-",81,5,7,,1,"53, 80",N-Bearing,189.7287554,11.35789858,177.7432768,201.086654
AN Sierra,AN Sierra,495,800,5,7,3.05,0.34,0.374812844419224,"1H-Pyrrole, 3-methyl-",81,5,7,,1,"53, 80",N-Bearing,189.7287554,11.35789858,177.7432768,201.086654
AN Sierra,AN Sierra,495,800,5,8,3.19,1.8,2.00282949137161,Benzenamine,93,6,7,,1,"66, 93",N-Bearing,189.7287554,11.35789858,177.7432768,201.086654
AN Sierra,AN Sierra,495,800,5,9,3.25,2.27,2.52692086008511,p-Xylene (Bz-C2),106,8,10,,,"91, 106",Aromatic,189.7287554,11.35789858,177.7432768,201.086654
AN Sierra,AN Sierra,495,800,5,10,3.41,1.45,1.61831744485112,Styrene,104,8,8,,,"51, 78, 104",Aromatic,189.7287554,11.35789858,177.7432768,201.086654
AN Sierra,AN Sierra,495,800,5,11,3.44,0.93,1.03881799057059,Bz-C2,106,8,10,,,"91, 106",Aromatic,189.7287554,11.35789858,177.7432768,201.086654
AN Sierra,AN Sierra,495,800,5,12,4.09,5.19,5.78830543790783,Phenol,94,6,6,1,,"66, 94",Aromatic,189.7287554,11.35789858,177.7432768,201.086654
AN Sierra,AN Sierra,495,800,5,13,4.23,4.28,4.77624386692695,Benzonitrile,103,7,5,,1,"76, 103",N-Bearing,189.7287554,11.35789858,177.7432768,201.086654
AN Sierra,AN Sierra,495,800,5,14,4.37,1.05,1.16713731951959,Benzofuran,118,8,6,1,,"63, 90, 118",Aromatic,189.7287554,11.35789858,177.7432768,201.086654
AN Sierra,AN Sierra,495,800,5,15,4.88,3.55,3.95281505405354,Indene,116,9,8,,,"89, 116",Aromatic,189.7287554,11.35789858,177.7432768,201.086654
AN Sierra,AN Sierra,495,800,5,16,5.06,1.5,1.66982355256131,Phenol-C1,108,7,8,1,,"79, 108",Aromatic,189.7287554,11.35789858,177.7432768,201.086654
AN Sierra,AN Sierra,495,800,5,17,5.1,1.34,1.49155890704485,Benzonitrile-C1,117,8,7,,1,"63, 90, 117",N-Bearing,189.7287554,11.35789858,177.7432768,201.086654
AN Sierra,AN Sierra,495,800,5,18,5.33,0.74,0.820753170914434,Benzonitrile-C1,117,8,7,,1,"63, 90, 117",N-Bearing,189.7287554,11.35789858,177.7432768,201.086654
AN Sierra,AN Sierra,495,800,5,19,5.56,0.51,0.563780057771569,"Benzofuran, 2-methyl-",132,9,8,1,,"77, 103, 132",Aromatic,189.7287554,11.35789858,177.7432768,201.086654
AN Sierra,AN Sierra,495,800,5,20,6.06,0.96,1.07226351505773,Indene-C1,130,10,10,,,"115, 130",Aromatic,189.7287554,11.35789858,177.7432768,201.086654
AN Sierra,AN Sierra,495,800,5,21,6.16,1.61,1.79981515773467,Azulene,128,10,8,,,"102, 128",PAH,189.7287554,11.35789858,177.7432768,201.086654
AN Sierra,AN Sierra,495,800,5,22,6.51,7.19,8.017672615139,Naphthalene,128,10,8,,,128,PAH,189.7287554,11.35789858,177.7432768,201.086654
AN Sierra,AN Sierra,495,800,5,23,7.16,0.93,1.03469304255051,Quinoline,129,9,7,,1,"102, 129",N-Bearing,189.7287554,11.35789858,177.7432768,201.086654
AN Sierra,AN Sierra,495,800,5,24,7.87,3.44,3.83441789736906,Naph-C1,142,11,10,,,"115, 142",PAH,189.7287554,11.35789858,177.7432768,201.086654
AN Sierra,AN Sierra,495,800,5,25,8.09,1.79,1.99747820745367,"Naphthalene, 1-methyl-",142,11,10,,,"115, 142",PAH,189.7287554,11.35789858,177.7432768,201.086654
AN Sierra,AN Sierra,495,800,5,26,8.89,1.02,1.13703634748116,Biphenyl,154,12,10,,,"76, 154",PAH,189.7287554,11.35789858,177.7432768,201.086654
AN Sierra,AN Sierra,495,800,5,27,9.23,0.59,0.66144098927402,Naph-C2,156,12,12,,,"141, 156",PAH,189.7287554,11.35789858,177.7432768,201.086654
AN Sierra,AN Sierra,495,800,5,28,9.42,0.57,0.63535348017405,Naph-C2,156,12,12,,,"141, 156",PAH,189.7287554,11.35789858,177.7432768,201.086654
AN Sierra,AN Sierra,495,800,5,29,9.82,0.57,0.630448136582603,Biphenylene,152,12,8,,,152,PAH,189.7287554,11.35789858,177.7432768,201.086654
AN Sierra,AN Sierra,495,800,5,30,10.61,1.33,1.48152524969871,Dibenzofuran,168,12,8,1,,"139, 168",PAH,189.7287554,11.35789858,177.7432768,201.086654
AN Sierra,AN Sierra,495,800,5,31,11.4,2.12,2.36281481993487,Fluorene,166,13,10,,,"82, 166",PAH,189.7287554,11.35789858,177.7432768,201.086654
AN Sierra,AN Sierra,495,800,5,32,11.83,0.42,0.467233977085356,Dibenzofuran-C1,182,13,10,1,,"152, 182",PAH,189.7287554,11.35789858,177.7432768,201.086654
AN Sierra,AN Sierra,495,800,5,33,11.9,0.31,0.344042961891054,Dibenzofuran-C1,182,13,10,1,,"152, 182",PAH,189.7287554,11.35789858,177.7432768,201.086654
AN Sierra,AN Sierra,495,800,5,34,12.71,0.67,0.746504106552981,Fluorene-C1,180,12,12,,,"165, 180",PAH,189.7287554,11.35789858,177.7432768,201.086654
AN Sierra,AN Sierra,495,800,5,35,12.79,0.34,0.382282344888019,Fluorene-C1,180,12,12,,,"165, 180",PAH,189.7287554,11.35789858,177.7432768,201.086654
AN Sierra,AN Sierra,495,800,5,36,13.63,2.35,2.62458179158756,Anthracene,178,14,10,,,"89, 178",PAH,189.7287554,11.35789858,177.7432768,201.086654
AN Sierra,AN Sierra,495,800,5,37,13.73,1.28,1.43191438837612,Phenanthrene,178,14,10,,,"89, 178",PAH,189.7287554,11.35789858,177.7432768,201.086654
AN Sierra,AN Sierra,495,800,5,38,14.81,0.27,0.304354272832981,Anth/Phen_C1,192,15,12,,,"165, 192",PAH,189.7287554,11.35789858,177.7432768,201.086654
AN Sierra,AN Sierra,495,800,5,39,14.87,0.33,0.369573045582905,Anth/Phen_C1,192,15,12,,,"165, 192",PAH,189.7287554,11.35789858,177.7432768,201.086654
AN Sierra,AN Sierra,495,800,5,40,14.97,0.37,0.416954205273021,Anth/Phen_C1,192,15,12,,,"165, 192",PAH,189.7287554,11.35789858,177.7432768,201.086654
AN Sierra,AN Sierra,495,800,5,41,15.07,0.38,0.427991228353778,Anth/Phen_C1,192,15,12,,,"165, 192",PAH,189.7287554,11.35789858,177.7432768,201.086654
AN Sierra,AN Sierra,495,800,5,42,16.47,0.59,0.654528914213344,Fluoranthene,202,16,10,,,"101, 202",PAH,189.7287554,11.35789858,177.7432768,201.086654
AN Sierra,AN Sierra,495,800,5,43,16.98,0.92,1.02844987797958,Pyrene,202,16,10,,,"101, 202",PAH,189.7287554,11.35789858,177.7432768,201.086654
AN Sierra,AN Sierra,400,400,,1,2.00,1.64,58.80,Methylfuran,82,5,6,1,,"53, 82",PS,,,,
AN Sierra,AN Sierra,400,400,,2,2.25,8.19,293.71,Acetic acid,60,2,4,2,,60,FA,,,,
AN Sierra,AN Sierra,400,400,,3,2.51,2.13,76.46,Pyridine,79,5,5,,1,"52, 79",N,,,,
AN Sierra,AN Sierra,400,400,,4,2.61,0.68,24.51,"Hexane, 2-methyl-4-methylene-",112,8,16,,,"70, 112",ALK,,,,
AN Sierra,AN Sierra,400,400,,5,2.83,1.56,56.09,"Pyrazole, 1,4-dimethyl-",96,5,8,,2,"95, 96",N,,,,
AN Sierra,AN Sierra,400,400,,6,2.97,21.06,755.01,Furfural,96,5,4,2,,96,PS,,,,
AN Sierra,AN Sierra,400,400,,7,3.56,2.39,85.72,2-Acetylfuran,110,6,6,2,,"95, 110",PS,,,,
AN Sierra,AN Sierra,400,400,,8,4.00,6.96,249.47,"2-Furancarboxaldehyde, 5-methyl-",110,6,6,2,,"81, 110",PS,,,,
AN Sierra,AN Sierra,400,400,,9,4.83,2.64,94.77,Benzeneacetaldehyde,120,8,8,1,,"65, 91, 120",ARO,,,,
AN Sierra,AN Sierra,400,400,,10,5.57,2.52,90.33,Levoglucosenone,126,6,6,3,,"68, 98, 126",PS,,,,
AN Sierra,AN Sierra,400,400,,11,7.86,2.19,78.52,Octyl methacrylate,198,12,22,2,,"70, 112, 169",FA,,,,
AN Sierra,AN Sierra,400,400,,12,11.28,0.95,33.95,1-Hexadecene (C16:1),224,16,32,,,"55, 224",ALK,,,,
AN Sierra,AN Sierra,400,400,,13,12.97,1.94,69.65,Isobutyl laurate,256,16,32,2,,"56, 183, 201, 256",FA,,,,
AN Sierra,AN Sierra,400,400,,14,14.67,2.09,75.06,C14 Alkylfuran,264,18,32,1,,"81, 95, 264",,,,,
AN Sierra,AN Sierra,400,400,,15,16.55,16.83,603.30,Fatty acid alkyl ester,,,,,,,FA,,,,
AN Sierra,AN Sierra,400,400,,16,17.41,3.52,126.15,C22,310,22,46,,,"57, 310",ALK,,,,
AN Sierra,AN Sierra,400,400,,17,18.30,7.32,262.51,Fatty acid alkyl ester,,,,,,,FA,,,,
AN Sierra,AN Sierra,400,400,,18,19.92,5.66,202.77,Fatty acid alkyl ester,,,,,,,FA,,,,
AN Sierra,AN Sierra,400,400,,19,21.26,7.86,281.58,Oleic acid,282,18,34,2,,"55, 264, 182",FA,,,,
AN Sierra,AN Sierra,400,400,,20,21.43,1.42,50.90,Fatty acid alkyl ester,,,,,,,FA,,,,
GR Sierra,GR Sierra,140,245,1,1,2.75,8.46,8.46,Hexane (C6),86,6,14,,,"57, 86",CONT,120.1631738,9.942822488,110.2203513,125.7741359
GR Sierra,GR Sierra,140,245,1,2,16.58,46.95,46.95,Fatty acid alkyl ester,,,,,,,Lipid,120.1631738,9.942822488,110.2203513,125.7741359
GR Sierra,GR Sierra,140,245,1,3,18.33,18.9,18.9,Fatty acid alkyl ester,,,,,,,Lipid,120.1631738,9.942822488,110.2203513,125.7741359
GR Sierra,GR Sierra,140,245,1,4,19.96,25.7,25.7,Fatty acid alkyl ester,,,,,,,Lipid,120.1631738,9.942822488,110.2203513,125.7741359
GR Sierra,GR Sierra,245,295,2,1,2.75,14.39,14.39,Hexane (C6),86,6,14,,,"57, 86",CONT,131.3850979,5.762588451,125.7741359,135.828953
GR Sierra,GR Sierra,245,295,2,2,16.58,71.6,71.6,Fatty acid alkyl ester,,,,,,,Lipid,131.3850979,5.762588451,125.7741359,135.828953
GR Sierra,GR Sierra,245,295,2,3,18.34,14.01,14.01,Fatty acid alkyl ester,,,,,,,Lipid,131.3850979,5.762588451,125.7741359,135.828953
GR Sierra,GR Sierra,295,364,3,1,2.17,22.78,25.2630458075723,Methylfuran,82,5,6,1,,"53, 82",Polysaccharide,140.272808,6.982386041,135.828953,150.2048938
GR Sierra,GR Sierra,295,364,3,2,2.5,8.89,9.86352453652249,Benzene,78,6,6,,,78,Aromatic,140.272808,6.982386041,135.828953,150.2048938
GR Sierra,GR Sierra,295,364,3,3,2.75,1.02,1.12771947104666,Hexane,86,6,14,,,"57, 86",CONT,140.272808,6.982386041,135.828953,150.2048938
GR Sierra,GR Sierra,295,364,3,4,16.58,35.21,39.0594462450391,Fatty acid alkyl ester,,,,,,,Lipid,140.272808,6.982386041,135.828953,150.2048938
GR Sierra,GR Sierra,295,364,3,5,18.34,8.79,9.75127391149061,Fatty acid alkyl ester,,,,,,,Lipid,140.272808,6.982386041,135.828953,150.2048938
GR Sierra,GR Sierra,295,364,3,6,19.96,13.46,14.9349900283289,Fatty acid alkyl ester,,,,,,,Lipid,140.272808,6.982386041,135.828953,150.2048938
GR Sierra,GR Sierra,364,484,4,1,2.09,10.12,10.2877321342377,Methylfuran (Furan C1),82,5,6,1,,"53, 82",Polysaccharide,160.1369795,9.634781541,150.2048938,174.4710124
GR Sierra,GR Sierra,364,484,4,2,2.23,9.27,9.42235093869878,Benzene,78,6,6,,,78,Aromatic,160.1369795,9.634781541,150.2048938,174.4710124
GR Sierra,GR Sierra,364,484,4,3,2.4,6.01,6.1083758859843,Dimethylfuran (Furan-C2),96,6,8,1,,"67, 81, 96",Polysaccharide,160.1369795,9.634781541,150.2048938,174.4710124
GR Sierra,GR Sierra,364,484,4,4,2.61,5.61,5.69611056067881,Pyridine,79,5,5,,1,"52, 79",N-Bearing,160.1369795,9.634781541,150.2048938,174.4710124
GR Sierra,GR Sierra,364,484,4,5,2.68,16.98,17.2569163935676,Methylbenzene (Bz-C1),92,7,8,,,91,Aromatic,160.1369795,9.634781541,150.2048938,174.4710124
GR Sierra,GR Sierra,364,484,4,6,3.07,2.6,2.6383151690674,"Imidazole, 2-methyl",82,4,6,,2,"54, 82",N-Bearing,160.1369795,9.634781541,150.2048938,174.4710124
GR Sierra,GR Sierra,364,484,4,7,3.11,3.42,3.47758046896832,"1H-Pyrrole, 3-methyl-",81,5,7,,1,"53, 80",N-Bearing,160.1369795,9.634781541,150.2048938,174.4710124
GR Sierra,GR Sierra,364,484,4,8,3.31,5.58,5.67324644971166,p-Xylene (Bz-C2),106,8,10,,,"91, 106",Aromatic,160.1369795,9.634781541,150.2048938,174.4710124
GR Sierra,GR Sierra,364,484,4,9,3.48,3.67,3.72745979727155,Styrene,104,8,8,,,"51, 78, 104",Aromatic,160.1369795,9.634781541,150.2048938,174.4710124
GR Sierra,GR Sierra,364,484,4,10,3.57,4.23,4.29438813098595,"2-Cyclopenten-1-one, 2-methyl",96,6,8,1,,"53, 67, 96",Polysaccharide,160.1369795,9.634781541,150.2048938,174.4710124
GR Sierra,GR Sierra,364,484,4,11,4.09,1.85,1.88247846962884,Acetophenone,120,8,8,1,,"51, 77, 105, 120",Aromatic,160.1369795,9.634781541,150.2048938,174.4710124
GR Sierra,GR Sierra,364,484,4,12,4.25,1.99,2.02464243070904,Phenol,94,6,6,1,,"66, 94",Aromatic,160.1369795,9.634781541,150.2048938,174.4710124
GR Sierra,GR Sierra,364,484,4,13,4.4,4.36,4.42903234001474,Benzofuran,118,8,6,1,,"63, 90, 118",Aromatic,160.1369795,9.634781541,150.2048938,174.4710124
GR Sierra,GR Sierra,364,484,4,14,4.65,1.57,1.59794731092651,"Benzene, 1-ethyl-4-methyl- (Bz-C3)",120,9,12,,,"91, 105, 120",Aromatic,160.1369795,9.634781541,150.2048938,174.4710124
GR Sierra,GR Sierra,364,484,4,15,4.81,1.06,1.07603587124965,Bz-C3,120,9,12,,,"91, 105, 120",Aromatic,160.1369795,9.634781541,150.2048938,174.4710124
GR Sierra,GR Sierra,364,484,4,16,4.92,3.12,3.16673017808602,Indene,116,9,8,,,"89, 116",Aromatic,160.1369795,9.634781541,150.2048938,174.4710124
GR Sierra,GR Sierra,364,484,4,17,5.29,0.9,0.913954729060285,Bz-C3,120,9,12,,,"91, 105, 120",Aromatic,160.1369795,9.634781541,150.2048938,174.4710124
GR Sierra,GR Sierra,364,484,4,18,5.36,0.72,0.727688438381221,Bz-C3,120,9,12,,,"91, 105, 120",Aromatic,160.1369795,9.634781541,150.2048938,174.4710124
GR Sierra,GR Sierra,364,484,4,19,5.55,0.53,0.543251276579529,"Benzofuran, 7-methyl-",132,9,8,1,,"77, 103, 132",Aromatic,160.1369795,9.634781541,150.2048938,174.4710124
GR Sierra,GR Sierra,364,484,4,20,5.59,0.94,0.9523664354851,"Benzofuran, 2-methyl-",132,9,8,1,,"77, 103, 132",Aromatic,160.1369795,9.634781541,150.2048938,174.4710124
GR Sierra,GR Sierra,364,484,4,21,5.95,1.15,1.16891497091177,"2,4-Dimethylstyrene",132,10,12,,,"91, 117, 132",Aromatic,160.1369795,9.634781541,150.2048938,174.4710124
GR Sierra,GR Sierra,364,484,4,22,6.1,1.57,1.59550847242334,1-Methylindene (Indene-C1),130,10,10,,,"115, 130",Aromatic,160.1369795,9.634781541,150.2048938,174.4710124
GR Sierra,GR Sierra,364,484,4,23,6.17,2.19,2.22574498894901,Indene-C1,130,10,10,,,"115, 130",Aromatic,160.1369795,9.634781541,150.2048938,174.4710124
GR Sierra,GR Sierra,364,484,4,25,6.54,1.2,1.22246779971039,Naphthalene,128,10,8,,,128,PAH,160.1369795,9.634781541,150.2048938,174.4710124
GR Sierra,GR Sierra,364,484,4,26,7.35,0.46,0.465106826207352,Bz-C6,162,12,18,,,"91, 162",Aromatic,160.1369795,9.634781541,150.2048938,174.4710124
GR Sierra,GR Sierra,364,484,4,27,7.44,0.4,0.406676320402408,Indene-C2,144,11,12,,,"129, 144",Aromatic,160.1369795,9.634781541,150.2048938,174.4710124
GR Sierra,GR Sierra,364,484,4,28,7.51,0.67,0.685008764575871,"1H-Indene, 1-ethylidene-",142,11,10,,,"115, 141",Aromatic,160.1369795,9.634781541,150.2048938,174.4710124
GR Sierra,GR Sierra,364,484,4,29,7.64,0.37,0.371008307293651,1-Tridecene,182,13,26,,,"55, 182",Alkane,160.1369795,9.634781541,150.2048938,174.4710124
GR Sierra,GR Sierra,364,484,4,30,7.7,0.34,0.343164901049209,"Naphthalene, x-methyl- (Naph-C1)",142,11,10,,,"115, 142",PAH,160.1369795,9.634781541,150.2048938,174.4710124
GR Sierra,GR Sierra,364,484,4,31,7.75,0.23,0.235449533826182,Tridecane (C13),184,13,28,,,"57, 184",Alkane,160.1369795,9.634781541,150.2048938,174.4710124
GR Sierra,GR Sierra,364,484,4,32,7.89,0.77,0.787439981708711,Naph-C1,142,11,10,,,"115, 142",PAH,160.1369795,9.634781541,150.2048938,174.4710124
GR Sierra,GR Sierra,364,484,4,33,8.11,0.51,0.5144933058964,Naph-C1,142,11,10,,,"115, 142",PAH,160.1369795,9.634781541,150.2048938,174.4710124
GR Sierra,GR Sierra,364,484,4,36,9.43,0.06,0.0659502578563626,"Naphthalene, x,x-dimethyl- (Naph-C2)",156,12,12,,,"141, 156",PAH,160.1369795,9.634781541,150.2048938,174.4710124
GR Sierra,GR Sierra,364,484,4,37,9.88,0.21,0.212280568046135,Naph-C2,156,12,12,,,"141, 156",PAH,160.1369795,9.634781541,150.2048938,174.4710124
GR Sierra,GR Sierra,364,484,4,38,10.19,0.17,0.175291517414831,Pentadecane (C15),212,15,32,,,"57, 212",Alkane,160.1369795,9.634781541,150.2048938,174.4710124
GR Sierra,GR Sierra,364,484,4,40,11.36,0.17,0.17386886162132,Hexadecane (C16),226,16,34,,,"57, 226",Alkane,160.1369795,9.634781541,150.2048938,174.4710124
GR Sierra,GR Sierra,364,484,4,41,11.46,0.37,0.378019967990245,"4,6,8-Trimethylazulene",170,13,14,,,"155, 170",PAH,160.1369795,9.634781541,150.2048938,174.4710124
GR Sierra,GR Sierra,364,484,4,42,12.99,0.33,0.334324111475243,Isobutyl laurate,256,16,32,2,,"56, 183, 201, 256",CONT,160.1369795,9.634781541,150.2048938,174.4710124
GR Sierra,GR Sierra,364,484,4,43,16.56,1.36,1.38282143129335,Fatty acid alkyl ester,,,,,,,Lipid,160.1369795,9.634781541,150.2048938,174.4710124
GR Sierra,GR Sierra,364,484,4,44,18.32,0.54,0.546299824708483,Fatty acid alkyl ester,,,,,,,Lipid,160.1369795,9.634781541,150.2048938,174.4710124
GR Sierra,GR Sierra,364,484,4,45,19.95,0.8,0.813555877346747,Fatty acid alkyl ester,,,,,,,Lipid,160.1369795,9.634781541,150.2048938,174.4710124
GR Sierra,GR Sierra,484,800,5,1,2.11,1.21,1.30427352448348,"1,3-Cyclohexadiene",80,6,8,,,"51, 79, 80",Alkane,188.8050453,15.14380517,174.4710124,203.9488505
GR Sierra,GR Sierra,484,800,5,2,2.19,23.59,25.3556792056775,Benzene,78,6,6,,,78,Aromatic,188.8050453,15.14380517,174.4710124,203.9488505
GR Sierra,GR Sierra,484,800,5,3,2.51,5.17,5.55264761614053,Pyridine,79,5,5,,1,"52, 79",N-Bearing,188.8050453,15.14380517,174.4710124,203.9488505
GR Sierra,GR Sierra,484,800,5,4,2.63,15.37,16.5210129374045,Methylbenzene (Bz-C1),92,7,8,,,91,Aromatic,188.8050453,15.14380517,174.4710124,203.9488505
GR Sierra,GR Sierra,484,800,5,5,2.9,6.64,7.13755222199413,"Pyridine, 2-nitro-",124,5,4,2,2,"51, 78, 94, 124",N-Bearing,188.8050453,15.14380517,174.4710124,203.9488505
GR Sierra,GR Sierra,484,800,5,6,3.21,2.39,2.56824193387167,"Benzene, ethyl (Bz-C2)",106,8,10,,,"91, 106",Aromatic,188.8050453,15.14380517,174.4710124,203.9488505
GR Sierra,GR Sierra,484,800,5,7,3.26,2.7,2.9043328536129,p-Xylene (Bz-C2),106,8,10,,,"91, 106",Aromatic,188.8050453,15.14380517,174.4710124,203.9488505
GR Sierra,GR Sierra,484,800,5,8,3.43,2.82,3.03492142652163,Styrene,104,8,8,,,"51, 78, 104",Aromatic,188.8050453,15.14380517,174.4710124,203.9488505
GR Sierra,GR Sierra,484,800,5,9,4.12,3.03,3.25934030737218,Phenol,94,6,6,1,,"66, 94",Aromatic,188.8050453,15.14380517,174.4710124,203.9488505
GR Sierra,GR Sierra,484,800,5,10,4.24,5.06,5.44129801817062,Benzonitrile,103,7,5,,1,"76, 103",N-Bearing,188.8050453,15.14380517,174.4710124,203.9488505
GR Sierra,GR Sierra,484,800,5,11,4.38,2.56,2.75364546330999,Benzofuran,118,8,6,1,,"63, 90, 118",Aromatic,188.8050453,15.14380517,174.4710124,203.9488505
GR Sierra,GR Sierra,484,800,5,12,4.88,2.63,2.82866671754068,Indene,116,9,8,,,"89, 116",Aromatic,188.8050453,15.14380517,174.4710124,203.9488505
GR Sierra,GR Sierra,484,800,5,13,5.11,1.47,1.57544633884457,"Benzene, 1-isocyano-4-methyl-",117,8,7,,1,"63, 90, 117",N-Bearing,188.8050453,15.14380517,174.4710124,203.9488505
GR Sierra,GR Sierra,484,800,5,14,5.57,0.73,0.785036161749264,"Benzofuran, 2-methyl-",132,9,8,1,,"77, 103, 132",Aromatic,188.8050453,15.14380517,174.4710124,203.9488505
GR Sierra,GR Sierra,484,800,5,15,6.07,0.47,0.505694844062197,Indene-C1,130,10,10,,,"115, 130",Aromatic,188.8050453,15.14380517,174.4710124,203.9488505
GR Sierra,GR Sierra,484,800,5,16,6.17,0.89,0.955714889139438,Azulene,128,10,8,,,"102, 128",PAH,188.8050453,15.14380517,174.4710124,203.9488505
GR Sierra,GR Sierra,484,800,5,17,6.52,8.44,9.06671625091493,Naphthalene,128,10,8,,,128,PAH,188.8050453,15.14380517,174.4710124,203.9488505
GR Sierra,GR Sierra,484,800,5,18,7.88,1.77,1.90498095986363,Naph-C1,142,11,10,,,"115, 142",PAH,188.8050453,15.14380517,174.4710124,203.9488505
GR Sierra,GR Sierra,484,800,5,19,8.1,1.16,1.25182313470614,"Naphthalene, 1-methyl-",142,11,10,,,"115, 142",PAH,188.8050453,15.14380517,174.4710124,203.9488505
GR Sierra,GR Sierra,484,800,5,20,8.94,0.98,1.0518022835266,Biphenyl,154,12,10,,,"76, 154",PAH,188.8050453,15.14380517,174.4710124,203.9488505
GR Sierra,GR Sierra,484,800,5,21,10.66,1.3,1.40229556439521,Dibenzofuran,168,12,8,1,,"139, 168",PAH,188.8050453,15.14380517,174.4710124,203.9488505
GR Sierra,GR Sierra,484,800,5,22,11.45,1.13,1.21646211372921,Fluorene,166,13,10,,,"82, 166",PAH,188.8050453,15.14380517,174.4710124,203.9488505
GR Sierra,GR Sierra,484,800,5,23,13.72,0.59,0.628759795486472,Anthracene/Phenanthrene,178,14,10,,,"89, 178",PAH,188.8050453,15.14380517,174.4710124,203.9488505
GR Sierra,GR Sierra,484,800,5,24,16.68,0.47,0.504082639458385,Fluoranthene,202,16,10,,,"101, 202",PAH,188.8050453,15.14380517,174.4710124,203.9488505
GR Sierra,GR Sierra,484,800,5,25,17.08,0.46,0.489572798024082,Pyrene,202,16,10,,,"101, 202",PAH,188.8050453,15.14380517,174.4710124,203.9488505
GR Sierra,GR Sierra,400,400,,1,2.02,7.45,7.45,"Furan, 2-methyl-",82,5,6,1,,"53, 82",PS,,,,
GR Sierra,GR Sierra,400,400,,2,2.17,3.31,3.31,Benzene,78,6,6,,1,"51, 78",ARO,,,,
GR Sierra,GR Sierra,400,400,,3,2.98,4.43,4.43,Furfural,96,5,4,2,2,96,PS,,,,
GR Sierra,GR Sierra,400,400,,4,12.99,4.52,4.52,Isobutyl laurate,256,16,32,2,,"56, 183, 201, 256",FA,,,,
GR Sierra,GR Sierra,400,400,,5,16.55,30.78,30.78,Fatty acid alkyl ester,110,6,6,2,,"95, 110",FA,,,,
GR Sierra,GR Sierra,400,400,,6,18.3,12.57,12.57,Fatty acid alkyl ester,110,6,6,2,,"81, 110",FA,,,,
GR Sierra,GR Sierra,400,400,,7,19.93,24.12,24.12,Fatty acid alkyl ester,126,6,6,3,,"68, 98, 126",FA,,,,
GR Sierra,GR Sierra,400,400,,8,21.27,10.53,10.53,"6-Octadecenoic acid, (Z)-",282,18,34,2,,"55, 264, 282",FA,,,,
GR Sierra,GR Sierra,400,400,,9,21.44,2.3,2.3,Siloxane,174,13,18,,,"159, 174",CONT,,,,
