date_time,temp,CO2_scaled,CO2_av,CO2_med,Moving,Modelled
1:00:01 AM,66,61.4152010291296,6.51020408163265,7,61.4152010291296,38.510180555904
1:00:04 AM,67,59.7485343624629,33.9,8.5,59.7485343624629,68.1191387716957
1:00:07 AM,69,59.8952010291296,188.333333333333,191,59.8952010291296,121.905039075213
1:00:10 AM,70,64.7157138496424,197.6,217,64.7157138496424,138.199107553738
1:00:13 AM,72,70.3657138496424,108,108,70.3657138496424,147.979807234748
1:00:16 AM,74,76.1246882086168,83,83,76.1246882086168,135.103851342285
1:00:19 AM,80,81.6038548752835,61,61,81.6038548752835,53.5751797590389
1:00:22 AM,81,86.8229024943311,54,54,86.8229024943311,45.9420863436921
1:00:25 AM,84,92.0555555555556,61,61,92.0555555555556,47.6200908156022
1:00:28 AM,87,95.1955555555556,73,73,95.1955555555556,70.576840111229
1:00:31 AM,88,87.7733333333333,83,83,87.7733333333333,79.1645815278583
1:00:34 AM,90,79.4666666666667,87,87,79.4666666666667,92.86643544044
1:00:37 AM,91,76.8666666666667,89,89,76.8666666666667,96.35492580379
1:00:40 AM,93,75.8,89,89,75.8,94.6141501186737
1:00:43 AM,94,76.2,88,88,76.2,90.6071235827654
1:00:46 AM,95,77.0666666666666,85,85,77.0666666666666,85.4964286017935
1:00:49 AM,96,77.6,81,81,77.6,80.022633188635
1:00:52 AM,98,77.5333333333333,77,77,77.5333333333333,70.9480131172675
1:00:55 AM,99,76.9333333333333,73,73,76.9333333333333,68.6365422050681
1:00:58 AM,101,76.2666666666667,69,69,76.2666666666667,67.9489085376345
1:01:01 AM,102,75.7333333333333,67,67,75.7333333333333,68.7524944512153
1:01:04 AM,104,75.4666666666667,67,67,75.4666666666667,70.603843445009
1:01:07 AM,105,75.9555555555556,67,67,75.9555555555556,70.8313551940368
1:01:10 AM,106,77.4888888888889,69,69,77.4888888888889,70.281308362613
1:01:13 AM,107,80.0555555555555,72,72,80.0555555555555,69.7171646464012
1:01:16 AM,108,83.8555555555555,74,74,83.8555555555555,70.1371032133161
1:01:19 AM,109,88.5888888888889,77,77,88.5888888888889,72.5393032312724
1:01:22 AM,110,94.9444444444444,81,81,94.9444444444444,77.9219438681852
1:01:25 AM,111,103.111111111111,85,85,103.111111111111,86.9034020676437
1:01:28 AM,112,112.611111111111,95.3333333333333,95,112.611111111111,98.5828458759361
1:01:31 AM,113,123.511111111111,108,108,123.511111111111,111.679641115025
1:01:34 AM,114,136.311111111111,119.5,119.5,136.311111111111,124.913153606874
1:01:37 AM,115,151.211111111111,134,134,151.211111111111,137.002749173445
1:01:40 AM,116,172.287301587302,144,144,172.287301587302,147.428967545674
1:01:43 AM,117,200.087301587302,164.333333333333,164,200.087301587302,158.717044090381
1:01:46 AM,118,225.380634920635,189.5,189.5,225.380634920635,174.153388083361
1:01:49 AM,119,253.656825396825,209.5,209.5,253.656825396825,197.024408800407
1:01:52 AM,120,282.675343915344,230.5,230.5,282.675343915344,230.616515517313
1:01:55 AM,121,309.898873327109,261,261,309.898873327109,276.681165107316
1:01:58 AM,122,338.265539993775,295.5,295.5,338.265539993775,330.830004833435
1:02:01 AM,123,365.465539993775,390.142857142857,373,365.465539993775,387.139729556132
1:02:04 AM,124,391.665539993775,494,494,391.665539993775,439.687034135867
1:02:07 AM,125,416.176651104886,460.4,465,416.176651104886,482.548613433104
1:02:10 AM,126,438.60998443822,509.142857142857,505,438.60998443822,511.327599896075
1:02:13 AM,127,458.943317771553,530.611111111111,534.5,458.943317771553,527.7328763241
1:02:16 AM,128,476.943317771553,516.352941176471,514.5,476.943317771553,534.999763104269
1:02:19 AM,129,492.276651104886,545,545,492.276651104886,536.363580623672
1:02:22 AM,130,504.493317771553,542,542,504.493317771553,535.059649269399
1:02:25 AM,131,509.528238406474,537,537,509.528238406474,533.583764481386
1:02:28 AM,132,505.752480830716,532,532,505.752480830716,531.473621910952
1:02:31 AM,133,503.709147497383,526,526,503.709147497383,527.52739226226
1:02:34 AM,134,496.28802948496,514.5,514.5,496.28802948496,520.543246239474
1:02:37 AM,135,486.913955410886,500.5,500.5,486.913955410886,509.319354546758
1:02:40 AM,136,478.912648221344,491,491,478.912648221344,493.227571600804
1:02:43 AM,137,469.445981554677,478.75,478.5,469.445981554677,473.934486668418
1:02:46 AM,138,460.345981554677,465.666666666667,466,460.345981554677,453.680372728935
1:02:49 AM,139,451.579314888011,437.363636363636,446,451.579314888011,434.705502761691
1:02:52 AM,140,442.845981554677,429.75,436,442.845981554677,419.25014974602
1:02:55 AM,141,433.829314888011,397.826086956522,395,433.829314888011,408.98401004308
1:02:58 AM,143,425.040425999122,390,390,425.040425999122,400.998353511015
1:03:01 AM,145,416.740425999122,396.333333333333,396,416.740425999122,401.853615945856
1:03:04 AM,146,408.607092665788,403,403,408.607092665788,402.638624951548
1:03:07 AM,147,400.857092665788,405.5,405.5,400.857092665788,402.084303509784
1:03:10 AM,148,394.272965681661,405.5,405.5,394.272965681661,399.33016195409
1:03:13 AM,149,390.675389924086,401,401,390.675389924086,394.806498870996
1:03:16 AM,150,386.092056590752,390.75,390.5,386.092056590752,389.266309910285
1:03:19 AM,151,383.570317460317,382.666666666667,383,383.570317460317,383.46259072174
1:03:22 AM,152,381.59253968254,376,376,381.59253968254,378.148336955143
1:03:25 AM,153,379.370317460317,369,369.5,379.370317460317,373.915166698697
1:03:28 AM,154,376.903650793651,362.5,362.5,376.903650793651,370.709187794278
1:03:31 AM,155,374.536984126984,366.904761904762,369,374.536984126984,368.315130522179
1:03:34 AM,156,372.470317460318,383.4,384.5,372.470317460318,366.517725162697
1:03:37 AM,157,371.070317460318,361,361,371.070317460318,365.101701996125
1:03:40 AM,159,370.386984126984,360,360,370.386984126984,363.011047149455
1:03:43 AM,161,370.34253968254,360.333333333333,360,370.34253968254,362.612627157334
1:03:46 AM,162,371.075873015873,363,363,371.075873015873,363.369188032271
1:03:49 AM,163,372.675873015873,366,366,372.675873015873,364.934226981493
1:03:52 AM,164,376.049947089947,370,370,376.049947089947,367.436217125217
1:03:55 AM,165,380.866962962963,374.5,374.5,380.866962962963,370.980268117505
1:03:58 AM,166,385.840296296296,380,380.5,385.840296296296,375.578035747807
1:04:01 AM,167,392.506962962963,380.5,380.5,392.506962962963,381.217812339416
1:04:04 AM,168,399.440296296296,382,382,399.440296296296,387.887890215629
1:04:07 AM,169,406.751407407407,387,387,406.751407407407,395.576561699739
1:04:10 AM,170,414.284740740741,393,393.5,414.284740740741,404.219971311018
1:04:13 AM,171,422.084740740741,413.111111111111,393,422.084740740741,413.545672352649
1:04:16 AM,172,430.418074074074,439.16,449,430.418074074074,423.229070323787
1:04:19 AM,174,439.962518518518,458,458,439.962518518518,442.37057905122
1:04:22 AM,177,450.695851851852,461,461,450.695851851852,465.650706592623
1:04:25 AM,178,462.195851851852,464,464,462.195851851852,470.890310485915
1:04:28 AM,179,474.262518518519,470,470,474.262518518519,475.574502979576
1:04:31 AM,180,486.662518518518,476,476,486.662518518518,480.73774274952
1:04:34 AM,181,499.742518518519,483,483,499.742518518519,487.41448847166
1:04:37 AM,182,517.085111111111,495,495,517.085111111111,496.639198821911
1:04:40 AM,183,535.083968253968,517.666666666667,518,535.083968253968,509.237166188549
1:04:43 AM,184,553.46619047619,541,541,553.46619047619,525.197017809308
1:04:46 AM,185,567.915313283208,553,553,567.915313283208,544.298214634283
1:04:49 AM,186,590.759757727653,563,563,590.759757727653,566.32021761357
1:04:52 AM,187,620.293091060986,573,573,620.293091060986,591.042487697264
1:04:55 AM,188,650.559757727652,589.2,589,650.559757727652,618.286134716957
1:04:58 AM,189,681.559757727652,673.25,606,681.559757727652,648.038864030228
1:05:01 AM,190,713.226424394319,709.142857142857,619,713.226424394319,680.330029876151
1:05:04 AM,191,746.648646616541,733.733333333333,764,746.648646616541,715.188986493799
1:05:07 AM,192,782.648646616541,677.736842105263,661,782.648646616541,752.645088122246
1:05:10 AM,193,820.848646616541,806.666666666667,860,820.848646616541,792.561187663209
1:05:13 AM,195,861.093091060986,913,913,861.093091060986,876.394269354419
1:05:16 AM,196,902.126424394319,930,930,902.126424394319,918.371943934498
1:05:19 AM,197,942.890868838764,948,948,942.890868838764,959.097502624116
1:05:22 AM,198,988.12753550543,970,970,988.12753550543,997.601291638188
1:05:25 AM,199,1029.05667836257,1019,1019,1029.05667836257,1033.49356833147
1:05:28 AM,200,1080.60778947368,1081,1081,1080.60778947368,1068.70423461804
1:05:31 AM,201,1138.95866666667,1126,1126,1138.95866666667,1105.74310355184
1:05:34 AM,202,1189.64755555556,1166.66666666667,1168,1189.64755555556,1147.11998818678
1:05:37 AM,203,1235.11422222222,1188.5,1188.5,1235.11422222222,1195.3447015768
1:05:40 AM,204,1281.58088888889,1200.66666666667,1201,1281.58088888889,1251.86505693393
1:05:43 AM,205,1329.18088888889,1351.8,1239,1329.18088888889,1313.88086810262
1:05:46 AM,206,1378.61422222222,1323.08,1290,1378.61422222222,1377.52994908545
1:05:49 AM,207,1448.52533333333,1507,1507,1448.52533333333,1438.95011388496
1:05:52 AM,210,1500.92533333333,1553,1553,1500.92533333333,1571.21525120928
1:05:55 AM,211,1565.70628571429,1567,1567,1565.70628571429,1587.87472599316
1:05:58 AM,212,1642.09041269841,1595,1595,1642.09041269841,1599.65536275843
1:06:01 AM,213,1725.4599779158,1627,1627,1725.4599779158,1619.3559836595
1:06:04 AM,214,1839.01553347136,1662,1662,1839.01553347136,1659.77541085081
1:06:07 AM,215,1948.62886680469,1711.5,1711.5,1948.62886680469,1733.71246648679
1:06:10 AM,216,2068.45686680469,2067.66666666667,1814,2068.45686680469,1849.92561855139
1:06:13 AM,217,2184.19020013803,1867,1867,2184.19020013803,2001.01191834667
1:06:16 AM,218,2301.40686680469,2097.71428571429,2009,2301.40686680469,2175.5280630042
1:06:19 AM,219,2418.54020013803,2312.42857142857,2189,2418.54020013803,2362.03074965554
1:06:22 AM,220,2554.63279273062,2439.04347826087,2474,2554.63279273062,2549.07667543226
1:06:25 AM,221,2739.16612606395,2904,2904,2739.16612606395,2727.81249512519
1:06:28 AM,222,2916.69945939728,2996,2996,2916.69945939728,2899.74469416221
1:06:31 AM,223,3092.93279273062,3120.5,3120.5,3092.93279273062,3068.96971563043
1:06:34 AM,224,3229.88834828617,3243,3243,3229.88834828617,3239.584002617
1:06:37 AM,225,3403.15501495284,3311.25,3315,3403.15501495284,3415.68399820903
1:06:40 AM,226,3561.90739590522,3324,3324,3561.90739590522,3599.39944874108
1:06:43 AM,227,3705.94549114332,3636.38888888889,3568.5,3705.94549114332,3784.99331353746
1:06:46 AM,228,3840.54259259259,4395,4395,3840.54259259259,3964.76185516991
1:06:49 AM,229,3940.54259259259,4325,4325,3940.54259259259,4131.00133621015
1:06:52 AM,230,4029.80925925926,4355,4355,4029.80925925926,4276.00801922994
1:06:55 AM,231,4110.40925925926,4122,4122,4110.40925925926,4393.22472154594
1:06:58 AM,233,4234.47592592593,4466,4466,4234.47592592593,4537.55088399733
1:07:01 AM,235,4324.19259259259,4479,4479,4324.19259259259,4556.23799715049
1:07:04 AM,236,4483.18992592593,4473,4473,4483.18992592593,4516.4058878437
1:07:07 AM,237,4651.31784615385,4458,4458,4651.31784615385,4442.69078933654
1:07:10 AM,238,4894.11784615384,4404,4405,4894.11784615384,4346.16345501672
1:07:13 AM,239,5209.89562393162,4335,4335,5209.89562393162,4285.47528765742
1:07:16 AM,240,5597.39562393162,4329.5,4329.5,5597.39562393162,4331.17285237817
1:07:19 AM,241,6058.86229059829,5104,4449,6058.86229059829,4553.80271429847
1:07:22 AM,242,6516.79562393162,4657,4653,6516.79562393162,5023.91143853785
1:07:25 AM,243,6986.01784615385,5708.96,5793,6986.01784615385,5781.89081502614
1:07:28 AM,244,7468.63117948718,6158.30769230769,5727,7468.63117948718,6747.51353293441
1:07:31 AM,245,8005.18951282051,8037,8037,8005.18951282051,7810.39750624406
1:07:34 AM,246,8583.55247578348,9061.66666666667,9080.5,8583.55247578348,8860.1606489365
1:07:37 AM,247,9224.58580911681,10167.5,10167.5,9224.58580911681,9786.42087499306
1:07:40 AM,249,9856.12580911681,11044,11044,9856.12580911681,11045.3595970017
1:07:43 AM,250,10496.8258091168,11335,11335,10496.8258091168,11457.650046248
1:07:46 AM,251,11202.4258091168,11517.3333333333,11525,11202.4258091168,11796.4338035082
1:07:49 AM,252,11871.8284757835,11712.2,11607,11871.8284757835,12115.1703056717
1:07:52 AM,253,12544.0746296296,12506.375,12378.5,12544.0746296296,12467.3189896281
1:07:55 AM,254,13175.3946296296,13079.4444444444,12993,13175.3946296296,12893.9565528237
1:07:58 AM,255,13749.1768518519,13950.5,13782,13749.1768518519,13386.6287349324
1:08:01 AM,256,14292.7657407407,13802.6,13771,14292.7657407407,13924.4985361854
1:08:04 AM,257,14790.8842592593,14714.5,14714.5,14790.8842592593,14486.7289568134
1:08:07 AM,259,15346.1509259259,15241,15241,15346.1509259259,15600.9236571186
1:08:10 AM,260,15919.562037037,15750,15751.5,15919.562037037,16115.7885967287
1:08:13 AM,261,16524.0375925926,16242,16242,16524.0375925926,16599.1141134639
1:08:16 AM,262,17101.4125925926,17506.8,16795,17101.4125925926,17057.5111643813
1:08:19 AM,263,17643.8940740741,17668.4,17406,17643.8940740741,17497.5907065382
1:08:22 AM,264,18378.4607407407,18321.3333333333,18197.5,18378.4607407407,17925.9636969916
1:08:25 AM,265,19153.7340740741,18515.7777777778,18500,19153.7340740741,18352.1887804918
1:08:28 AM,267,20278.5007407407,19664,19664,20278.5007407407,19286.540496416
1:08:31 AM,269,21389.4340740741,20118.5,20118.5,21389.4340740741,20492.0748323427
1:08:34 AM,270,22482.4340740741,20779.3333333333,20796,22482.4340740741,21257.2781908461
1:08:37 AM,271,23554.6340740741,21167,21167,23554.6340740741,22163.1684539969
1:08:40 AM,272,24555.6807407407,21216.6666666667,21225,24555.6807407407,23223.1057001677
1:08:43 AM,273,25566.0318518519,24969,21754,25566.0318518519,24406.7019883572
1:08:46 AM,274,26831.342962963,25431.7,25358.5,26831.342962963,25672.6323727214
1:08:49 AM,275,28231.5911111111,31586,31586,28231.5911111111,26979.5719074158
1:08:52 AM,279,29513.2167521368,31905,31905,29513.2167521368,31790.9226326109
1:08:55 AM,280,30695.5423931624,32145,32145,30695.5423931624,32701.6047053624
1:08:58 AM,281,32360.3868376068,32325,32325,32360.3868376068,33516.7720977976
1:09:01 AM,282,33998.5201709402,32522.5,32522.5,33998.5201709402,34306.5257084913
1:09:04 AM,283,35630.4757264957,32823.6666666667,32817,35630.4757264957,35140.9664360183
1:09:07 AM,284,37428.3646153846,37301,33323,37428.3646153846,36090.1951789533
1:09:10 AM,285,39408.5846153846,39519.5,39463.5,39408.5846153846,37209.5394415033
1:09:13 AM,286,40646.1712820513,38888.3846153846,35660,40646.1712820513,38495.2331504034
1:09:16 AM,287,42158.8823931624,37853.3846153846,37688,42158.8823931624,39928.7368380208
1:09:19 AM,288,43852.7919169719,45752,45752,43852.7919169719,41491.5110367228
1:09:22 AM,291,45598.5519169719,45739,45739,45598.5519169719,46770.0620230088
1:09:25 AM,292,47687.4185836386,45696,45696,47687.4185836386,48658.8566879432
1:09:28 AM,293,49719.0741391941,51937.3333333333,45659,49719.0741391941,50550.2231151284
1:09:31 AM,294,51298.9074725275,55135,55135,51298.9074725275,52391.6204262614
1:09:34 AM,295,52778.9408058608,50149.8,46739,52778.9408058608,54130.5077430396
1:09:37 AM,296,54175.5901648352,54595.6666666667,50848,54175.5901648352,55714.34418716
1:09:40 AM,297,55752.9311904762,57553.6428571429,56585,55752.9311904762,57102.9235545929
1:09:43 AM,298,56867.6978571428,58511.4,56845,56867.6978571428,58305.3783384007
1:09:46 AM,300,58133.2811904762,63855.5,63855.5,58133.2811904762,60237.7828244822
1:09:49 AM,301,59517.8011904762,63298.5,63298.5,59517.8011904762,61010.6668614268
1:09:52 AM,302,60452.978968254,60998.5,61021,60452.978968254,61683.2949840877
1:09:55 AM,303,60907.378968254,61720,62003,60907.378968254,62272.5102437757
1:09:58 AM,304,61650.4367460318,59838.125,59817.5,61650.4367460318,62776.6592277026
1:10:01 AM,308,62100.458968254,61513.5,61513.5,62100.458968254,63817.0418295451
1:10:04 AM,309,62303.1161111111,62473.5,62473.5,62303.1161111111,63801.6965024756
1:10:07 AM,310,62461.7561111111,64722.75,64729.5,62461.7561111111,63663.6197267684
1:10:10 AM,311,62380.2783333333,66463.8,67341,62380.2783333333,63405.2417131781
1:10:13 AM,312,62345.0005555556,65965,66279,62345.0005555556,63063.8236307273
1:10:16 AM,313,62390.1172222222,61951,61951,62390.1172222222,62685.3343880061
1:10:19 AM,314,62338.6561111111,61295.6666666667,61612,62338.6561111111,62315.7428936045
1:10:22 AM,315,62419.7247008547,61346,61346,62419.7247008547,62001.0180561124
1:10:25 AM,316,62448.558034188,60593.5,60565,62448.558034188,61776.7991096484
1:10:28 AM,320,62362.458034188,60891,60891,62362.458034188,61568.0962140169
1:10:31 AM,321,62098.208034188,62633.3333333333,62200,62098.208034188,61607.9180214727
1:10:34 AM,323,61758.9991452991,62769.3333333333,63529,61758.9991452991,61685.8947063509
1:10:37 AM,324,61294.9491452991,61675.25,61328.5,61294.9491452991,61692.0313072963
1:10:40 AM,325,61316.9958119658,60948.0833333333,60083,61316.9958119658,61659.7256274767
1:10:43 AM,326,61584.918034188,61054.1538461538,60941,61584.918034188,61596.990518064
1:10:46 AM,328,61679.4513675214,61946,61946,61679.4513675214,61431.501006675
1:10:49 AM,330,61350.218034188,61182,61182,61350.218034188,61298.1007655611
1:10:52 AM,331,61268.518034188,60759,60759,61268.518034188,61275.4772439923
1:10:55 AM,332,60927.0158119658,61375.6666666667,60339,60927.0158119658,61288.6459361297
1:10:58 AM,333,60667.0602564102,59004.25,58921,60667.0602564102,61297.0148359046
1:11:01 AM,334,60242.5102564103,62281.7,62663,60242.5102564103,61249.3100862237
1:11:04 AM,335,59875.3713675214,65314.5,65747,59875.3713675214,61094.2578299938
1:11:07 AM,336,59510.8277777778,62764,62764,59510.8277777778,60780.5842101216
1:11:10 AM,337,59089.8944444444,55655,55655,59089.8944444444,60274.836924941
1:11:13 AM,338,58667.1611111111,59665.5,60554.5,58667.1611111111,59614.8498944938
1:11:16 AM,339,58094.25,57510.8,57622,58094.25,58856.2785942488
1:11:19 AM,340,57208.127124183,58870,58870,57208.127124183,58054.778499675
1:11:22 AM,343,56147.0922756982,55307,55307,56147.0922756982,55949.260204669
1:11:25 AM,344,54887.2122756982,55441,55441,54887.2122756982,55491.448711936
1:11:28 AM,345,53306.5789423648,55586,55586,53306.5789423648,55022.0799490237
1:11:31 AM,346,51894.4456090315,55632,55632,51894.4456090315,54349.9035382063
1:11:34 AM,347,50955.7789423648,54841,54909,50955.7789423648,53283.6691017579
1:11:37 AM,348,49748.9789423648,52165.3333333333,52491,49748.9789423648,51632.1262619526
1:11:40 AM,349,48751.2089423648,48083.8235294118,48229,48751.2089423648,49295.1838643954
1:11:43 AM,350,47736.4533868093,43088.7272727273,42901,47736.4533868093,46537.3876480151
1:11:46 AM,351,46941.1067201426,43383.5,43383.5,46941.1067201426,43714.4425750711
1:11:49 AM,352,46302.6567201426,41605,41605,46302.6567201426,41182.0536078231
1:11:52 AM,353,45874.1138629997,41582,41582,45874.1138629997,39295.9257085306
1:11:55 AM,358,44984.5805296664,41575,41575,44984.5805296664,40842.8351842242
1:11:58 AM,359,44138.6871963331,41563.5,41563.5,44138.6871963331,42175.2002513971
1:12:01 AM,360,43439.9538629997,42544.25,42451.5,43439.9538629997,43427.941393179
1:12:04 AM,361,43039.2703896104,43648.6666666667,44181,43039.2703896104,44420.7936169688
1:12:07 AM,362,43018.5219047619,43376.8,43024,43018.5219047619,44973.4919301657
1:12:10 AM,363,42909.3219047619,45864.25,46272.5,42909.3219047619,44966.7702432467
1:12:13 AM,364,42954.3885714286,49157.8571428571,49470,42954.3885714286,44525.3580790015
1:12:16 AM,365,42807.6885714286,42289,42289,42807.6885714286,43834.9838632981
1:12:19 AM,366,42727.3996825397,42152.6,41871,42727.3996825397,43081.3760220045
1:12:22 AM,367,42700.783015873,41684.3333333333,41181,42700.783015873,42450.2629809886
1:12:25 AM,368,42549.7663492064,42073.5714285714,42090,42549.7663492064,42083.4338435365
1:12:28 AM,369,42290.7619047619,42777.5,42777.5,42290.7619047619,41946.9204226082
1:12:31 AM,370,41676.3085714286,41745.5,41745.5,41676.3085714286,41962.8152085816
1:12:34 AM,374,40948.6252380952,42281,42281,40948.6252380952,41992.3262290536
1:12:37 AM,375,39988.5347619048,39381.5,39381.5,39988.5347619048,41601.6494052066
1:12:40 AM,376,39424.8097619048,40370.6666666667,42306,39424.8097619048,40923.5736307521
1:12:43 AM,377,38835.7030952381,41164.25,42735.5,38835.7030952381,40018.3808971803
1:12:46 AM,378,38283.1475396825,40279,42289,38283.1475396825,38973.9910962036
1:12:49 AM,379,37710.1094444445,39763.6,39981,37710.1094444445,37878.3241195347
1:12:52 AM,381,37096.5094444444,34160,33251,37096.5094444444,35884.8382059701
1:12:55 AM,382,36496.5808730159,34949,35739,36496.5808730159,35143.0968761367
1:12:58 AM,383,35897.6430952381,34756.5,34931.5,35897.6430952381,34583.1848792848
1:13:01 AM,384,35425.5430952381,33833.125,33828,35425.5430952381,34174.4490489504
1:13:04 AM,385,34870.5875396825,33316,33316,34870.5875396825,33886.2362186696
1:13:07 AM,389,34324.481984127,33396,33396,34324.481984127,33325.551568806
1:13:10 AM,390,33793.281984127,33478,33478,33793.281984127,33187.8840368727
1:13:13 AM,391,33269.9086507937,33573.5,33573.5,33269.9086507937,33033.1872764326
1:13:16 AM,392,33085.1086507936,32746.5714285714,33567,33085.1086507936,32877.1748912447
1:13:19 AM,393,32920.3753174603,33296.9333333333,33571,32920.3753174603,32735.5604850678
1:13:22 AM,394,32820.7983943834,32300,32414,32820.7983943834,32624.0576616608
1:13:25 AM,395,32817.7233943834,32046.3333333333,32189,32817.7233943834,32554.175435914
1:13:28 AM,396,32699.6567277167,32972.6666666667,33023,32699.6567277167,32520.6044672428
1:13:31 AM,398,32791.1900610501,32311,32311,32791.1900610501,32524.340583314
1:13:34 AM,402,32562.2567277167,31913,31913,32562.2567277167,32548.9350044198
1:13:37 AM,403,32483.3400610501,31388,31388,32483.3400610501,32503.1528105862
1:13:40 AM,404,32448.451965812,32478,32478,32448.451965812,32422.3505860701
1:13:43 AM,405,32223.411965812,33262.8461538462,33932,32223.411965812,32320.9151407582
1:13:46 AM,406,32350.2786324786,33787,33724,32350.2786324786,32218.0134324055
1:13:49 AM,407,32441.7230769231,31545,31545,32441.7230769231,32132.8124187667
1:13:52 AM,410,32417.7452991453,34769,36046,32417.7452991453,32175.0831236821
1:13:55 AM,411,32362.5452991453,30044,30044,32362.5452991453,32339.6986277649
1:13:58 AM,412,32150.7823361823,32389.75,32419.5,32150.7823361823,32541.9145832415
1:14:01 AM,413,31937.1023361823,32223.25,34139.5,31937.1023361823,32724.9629157724
1:14:04 AM,414,31501.409002849,29921.3333333333,29636.5,31501.409002849,32832.0755510183
1:14:07 AM,415,31023.7125925926,34203,34203,31023.7125925926,32806.4844146398
1:14:10 AM,418,30542.0737037037,33418,33418,30542.0737037037,31771.6452323458
1:14:13 AM,419,30307.7403703704,32613,32613,30307.7403703704,31203.7060882737
1:14:16 AM,420,29592.4737037037,31483,31483,29592.4737037037,30579.9673341979
1:14:19 AM,421,29168.9937037037,28736.5555555556,28100,29168.9937037037,29933.8470291086
1:14:22 AM,422,28567.6103703704,28182.8,28177,28567.6103703704,29298.7632319959
1:14:25 AM,426,27975.0603703704,25942.6,24451,27975.0603703704,27134.3779748469
1:14:28 AM,427,27537.9048148148,26097.4,24741,27537.9048148148,26671.8514145907
1:14:31 AM,428,26821.9048148148,26562.4166666667,26457.5,26821.9048148148,26232.0683123774
1:14:34 AM,430,26169.3714814815,28030,28030,26169.3714814815,25403.3635949408
1:14:37 AM,432,26390.1937037037,24040,24040,26390.1937037037,24613.5260482591
1:14:40 AM,433,26294.1437037037,23691.8,23692,26294.1437037037,24227.033033183
1:14:43 AM,435,26391.44,23369,23369,26391.44,23552.7221318898
1:14:46 AM,437,26580.32,23335,23335,26580.32,23169.2748715776
1:14:49 AM,440,26485.3466666667,23364,23364,26485.3466666667,23557.6274145168
1:14:52 AM,442,26697.52,23463,23463,26697.52,24737.6474697933
1:14:55 AM,445,26482.3588888889,23630,23630,26482.3588888889,27721.5759893302
1:14:58 AM,446,26161.4922222222,35925.3333333333,35919,26161.4922222222,28638.0985002252
1:15:01 AM,447,26270.4655555556,30042.25,29679,26270.4655555556,29316.2481913965
1:15:04 AM,448,26398.3038888889,30196,30121,26398.3038888889,29636.437469695
1:15:07 AM,449,26719.3705555556,31016,29840,26719.3705555556,29479.0787419716
1:15:10 AM,450,27664.2917676768,24518,24466,27664.2917676768,28792.9664926178
1:15:13 AM,451,28231.6917676768,29280,24807,28231.6917676768,27800.4235161873
1:15:16 AM,452,28555.9417676768,23335,22903.5,28555.9417676768,26792.1546847738
1:15:19 AM,453,28652.9862121212,23217,22166,28652.9862121212,26058.8648704713
1:15:22 AM,454,27250.7306565657,25674.6,25722,27250.7306565657,25891.258945374
1:15:25 AM,455,26233.3806565657,25609.375,22816,26233.3806565657,26461.5552372933
1:15:28 AM,456,25682.313989899,28185,25519,25682.313989899,27468.0258969102
1:15:31 AM,457,24742.4102861953,37508.8181818182,37592,24742.4102861953,28490.4565306236
1:15:34 AM,458,24261.8102861953,31875,31875,24261.8102861953,29108.6327448319
1:15:37 AM,459,23330.876952862,28326.75,29008,23330.876952862,28902.3401459338
1:15:40 AM,460,22792.1436195286,25085.6666666667,25716,22792.1436195286,27583.645746108
1:15:43 AM,462,22238.976952862,14891.5,14891.5,22238.976952862,22706.1034906501
1:15:46 AM,463,21458.4925084175,14782,14782,21458.4925084175,19894.2037171759
1:15:49 AM,464,20748.5008417508,21930,21930,20748.5008417508,17331.5169013107
1:15:52 AM,465,19876.9341750842,16917.4444444444,15503,19876.9341750842,15391.5170841336
1:15:55 AM,466,18390.8735690236,17309,17219.5,18390.8735690236,14346.1835569829
1:15:58 AM,467,17242.8069023569,15316,15553,17242.8069023569,14061.5166122347
1:16:01 AM,468,16324.0902356902,15254,15254,16324.0902356902,14302.0217925247
1:16:04 AM,469,15640.3791245791,14919.5,14852.5,15640.3791245791,14832.2046404881
1:16:07 AM,471,15651.0124579125,13967.3333333333,13946,15651.0124579125,15819.6255099775
1:16:10 AM,472,15722.2791245791,14959.5,14959.5,15722.2791245791,15866.1449903819
1:16:13 AM,473,15309.8124579125,15111.5,15111.5,15309.8124579125,15621.9865506473
1:16:16 AM,474,15308.9828282828,15217.9090909091,15304,15308.9828282828,15213.2779750546
1:16:19 AM,475,15286.2494949495,14654,14631,15286.2494949495,14766.1470478851
1:16:22 AM,477,15331.9828282828,14546,14546,15331.9828282828,14261.1292759395
1:16:25 AM,478,15363.0094949495,14830,14980,15363.0094949495,14417.3279830323
1:16:28 AM,479,15507.8928282828,15051,14847,15507.8928282828,14810.5953755137
1:16:31 AM,480,15698.2039393939,15851,15985,15698.2039393939,15338.0391375059
1:16:34 AM,481,15809.8706060606,15743,15743,15809.8706060606,15896.7669531312
1:16:37 AM,482,15751.5039393939,16905,16905,15751.5039393939,16383.8865065119
1:16:40 AM,483,15709.1766666667,16968,16968,15709.1766666667,16716.8579246595
1:16:43 AM,484,15772.1433333333,16002,16607,15772.1433333333,16894.5511061427
1:16:46 AM,485,15731.7433333333,15719.4,15698.5,15731.7433333333,16936.1883924193
1:16:49 AM,488,15722.09,17092.75,17095,15722.09,16436.9882945889
1:16:52 AM,489,15726.2596969697,16822,16836,15726.2596969697,16126.6254146183
1:16:55 AM,490,15723.7263636364,16634.5,16634.5,15723.7263636364,15779.2951775074
1:16:58 AM,491,15647.793030303,14236,14236,15647.793030303,15429.104078598
1:17:01 AM,492,15496.2196969697,14583,14583,15496.2196969697,15113.1354440087
1:17:04 AM,493,15320.0196969697,15598.5,15598.5,15320.0196969697,14868.472599858
1:17:07 AM,494,15157.1463636364,13940,13940,15157.1463636364,14732.1988722645
1:17:10 AM,495,15139.9863636364,14685.2,14593.5,15139.9863636364,14728.019472134
1:17:13 AM,496,14967.703030303,15113.5454545455,15088,14967.703030303,14826.127149521
1:17:16 AM,497,14621.5696969697,15813,16099,14621.5696969697,14983.3365392673
1:17:19 AM,501,14190.5363636364,14604,14604,14190.5363636364,15339.4839186816
1:17:22 AM,502,13914.203030303,14631.4,14516,13914.203030303,15144.4213928513
1:17:25 AM,503,13640.1696969697,14325,14100,13640.1696969697,14765.8614089972
1:17:28 AM,504,13346.028030303,13558.9,13500.5,13346.028030303,14243.1837047916
1:17:31 AM,505,13157.0058080808,15462,15801,13157.0058080808,13632.2810384729
1:17:34 AM,506,12845.9258080808,14508.5,14508.5,12845.9258080808,12989.0461682794
1:17:37 AM,508,12497.4894444444,11630,11630,12497.4894444444,11829.1508492223
1:17:40 AM,509,12061.8672222222,10169,10169,12061.8672222222,11409.0827958397
1:17:43 AM,510,11617.0672222222,10091,10091,11617.0672222222,11089.0948455616
1:17:46 AM,511,11190.0072222222,10472.5,10472.5,11190.0072222222,10833.9210306521
1:17:49 AM,512,10804.6738888889,11186.375,10879,10804.6738888889,10608.2953833751
1:17:52 AM,513,10495.1768518519,11104.6666666667,11046.5,10495.1768518519,10376.9519359945
1:17:55 AM,515,9982.71018518519,10019,10019,9982.71018518519,9821.565017292
1:17:58 AM,516,9527.07685185185,9887,9927,9527.07685185185,9517.07582555409
1:18:01 AM,517,9273.06018518518,9278.66666666667,9741.5,9273.06018518518,9213.21876922383
1:18:04 AM,518,9114.54907407407,7932,7932,9114.54907407407,8923.86581605029
1:18:07 AM,520,8960.15648148148,8225.5,8328.5,8960.15648148148,8444.16009016969
1:18:10 AM,521,8721.18981481482,8545,8512.5,8721.18981481482,8276.82568678557
1:18:13 AM,522,8431.49814814815,8916.44444444445,8885,8431.49814814815,8151.12986050311
1:18:16 AM,523,8143.38703703704,7775,7775,8143.38703703704,8052.59118202007
1:18:19 AM,524,7951.7337037037,7674,7675,7951.7337037037,7966.72822203414
1:18:22 AM,526,7765.10037037037,7819.75,7858,7765.10037037037,7775.10374034452
1:18:25 AM,527,7524.92259259259,7791.33333333333,7817,7524.92259259259,7644.02864463375
1:18:28 AM,528,7402.88925925926,7775.11111111111,7737,7402.88925925926,7489.59925779591
1:18:31 AM,529,7262.75592592593,6888,6888,7262.75592592593,7319.22985811363
1:18:34 AM,530,7093.30830687831,6841,6841,7093.30830687831,7140.33472386958
1:18:37 AM,531,6803.27867724868,6783,6783,6803.27867724868,6960.3281333464
1:18:40 AM,532,6589.91201058201,7144.2,6942,6589.91201058201,6784.41815700237
1:18:43 AM,533,6402.74534391534,7087.5,7093.5,6402.74534391534,6608.98803399832
1:18:46 AM,535,6233.88701058201,5676,5676,6233.88701058201,6236.27547335611
1:18:49 AM,536,6005.86478835979,6101.5,6101.5,6005.86478835979,6027.34709839087
1:18:52 AM,537,5783.72404761905,6123.5,6123.5,5783.72404761905,5795.60670211154
1:18:55 AM,538,5608.05738095238,6003.28571428571,6009,5608.05738095238,5539.41851565101
1:18:58 AM,539,5435.60738095238,4566,4566,5435.60738095238,5273.89556932797
1:19:01 AM,540,5280.51571428571,4574.5,4574.5,5280.51571428571,5018.33809325749
1:19:04 AM,541,5096.08904761905,4866.5,4866.5,5096.08904761905,4792.04631755474
1:19:07 AM,542,4892.85571428571,5286.875,5305,4892.85571428571,4614.32047233482
1:19:10 AM,543,4780.35571428571,4371,4371,4780.35571428571,4498.28383534872
1:19:13 AM,544,4611.87793650794,4443,4443,4611.87793650794,4432.35187489112
1:19:16 AM,545,4445.11126984127,4253,4253,4445.11126984127,4398.76310689256
1:19:19 AM,547,4283.54936507937,4254.25,4203,4283.54936507937,4357.5692119948
1:19:22 AM,548,4246.21603174603,4456.625,4501.5,4246.21603174603,4314.4411169567
1:19:25 AM,549,4206.21603174603,4377.8,4471,4206.21603174603,4237.62114662136
1:19:28 AM,550,4127.11603174603,4039,4033,4127.11603174603,4134.40215952672
1:19:31 AM,551,4007.59103174603,3988.5,3990.5,4007.59103174603,4017.08788273226
1:19:34 AM,554,3959.9576984127,3574.33333333333,3400,3959.9576984127,3703.61058474444
1:19:37 AM,555,3915.7576984127,3622,3622,3915.7576984127,3652.95241974519
1:19:40 AM,556,3870.47198412698,3579.85714285714,3548,3870.47198412698,3645.07682519497
1:19:43 AM,558,3801.52198412698,4006,4006,3801.52198412698,3709.43197756275
1:19:46 AM,559,3716.34698412698,3974.5,3967,3716.34698412698,3750.58087681872
1:19:49 AM,560,3638.33174603175,3680,3656.5,3638.33174603175,3776.98942634804
1:19:52 AM,561,3583.39841269841,3494,3494,3583.39841269841,3773.11670231971
1:19:55 AM,562,3530.69841269841,3656.5,3583,3530.69841269841,3728.03015769254
1:19:58 AM,563,3495.40952380952,3780,3728,3495.40952380952,3649.23075258483
1:20:01 AM,564,3459.60952380952,3573.71428571429,3472,3459.60952380952,3548.82782390468
1:20:04 AM,566,3428.99682539683,3220,3179,3428.99682539683,3331.64874345965
1:20:07 AM,567,3371.63015873016,3179,3179,3371.63015873016,3239.091265511
1:20:10 AM,568,3304.33015873016,3207.57142857143,3192,3304.33015873016,3170.69490285301
1:20:13 AM,569,3262.49682539683,3215,3212,3262.49682539683,3125.20544854659
1:20:16 AM,570,3235.23015873016,3198,3198,3235.23015873016,3098.69598688322
1:20:19 AM,572,3201.86349206349,3045,3045,3201.86349206349,3086.90937865154
1:20:22 AM,573,3158.19682539683,3085,3072,3158.19682539683,3093.7784006662
1:20:25 AM,574,3122.38253968254,3120.66666666667,3115,3122.38253968254,3103.91736597095
1:20:28 AM,575,3102.44920634921,3145.5,3148,3102.44920634921,3113.38742626283
1:20:31 AM,576,3098.31587301587,2965,2964,3098.31587301587,3118.24734672002
1:20:34 AM,577,3079.91111111111,3052.5,3047.5,3079.91111111111,3114.55589252069
1:20:37 AM,578,3060.37777777778,3085,3086,3060.37777777778,3098.37182884299
1:20:40 AM,579,3046.58611111111,3156,3156,3046.58611111111,3068.02251959615
1:20:43 AM,580,3059.65277777778,3125,3132,3059.65277777778,3030.90972361354
1:20:46 AM,581,3071.25277777778,3036.5,3036.5,3071.25277777778,2996.70379845958
1:20:49 AM,582,3078.48833333333,2921,2909,3078.48833333333,2975.07510169869
1:20:52 AM,583,3077.855,3117,3117,3077.855,2975.6939908953
1:20:55 AM,584,3091.58833333333,2931.5,2931.5,3091.58833333333,3004.56880212976
1:20:58 AM,585,3095.18166666667,2922,2922,3095.18166666667,3053.05978554618
1:21:01 AM,586,3103.79833333333,2991.125,2973.5,3103.79833333333,3108.8651698046
1:21:04 AM,587,3107.515,3241,3241,3107.515,3159.68318356508
1:21:07 AM,588,3109.04833333333,3259,3259,3109.04833333333,3193.21205548765
1:21:10 AM,589,3109.015,3229.2,3236,3109.015,3200.75134979787
1:21:13 AM,590,3151.17055555556,3136,3170,3151.17055555556,3188.00597298329
1:21:16 AM,592,3179.29055555556,3171,3175,3179.29055555556,3138.88617419202
1:21:19 AM,593,3221.46833333333,3106.4,3101,3221.46833333333,3121.12423632145
1:21:22 AM,594,3274.535,3214.25,3198.5,3274.535,3120.30259553834
1:21:25 AM,595,3320.96,3211.75,3162.5,3320.96,3143.24694643803
1:21:28 AM,596,3348.10666666667,3148,3083.5,3348.10666666667,3186.8607937849
1:21:31 AM,598,3386.09714285714,3036,3036,3386.09714285714,3313.78880704681
1:21:34 AM,600,3428.63380952381,3553.33333333333,3553,3428.63380952381,3456.4702937773
1:21:37 AM,601,3472.33380952381,3538.8,3516,3472.33380952381,3519.7759829599
1:21:40 AM,602,3521.86714285714,3564.16666666667,3572,3521.86714285714,3572.0693118854
1:21:43 AM,603,3591.35714285714,3718,3718,3591.35714285714,3616.67523513939
1:21:46 AM,604,3655.49603174603,3687.5,3687.5,3655.49603174603,3658.69910676328
1:21:49 AM,605,3729.6746031746,3648.2,3652,3729.6746031746,3703.24628079845
1:21:52 AM,606,3831.90793650794,3828.85714285714,3866,3831.90793650794,3755.4221112863
1:21:55 AM,607,3931.10793650794,3867.25,3860.5,3931.10793650794,3818.92538307096
1:21:58 AM,608,3981.57904761905,3791.5,3792.5,3981.57904761905,3891.82860420757
1:22:01 AM,609,4046.37571428571,3914,3914,4046.37571428571,3970.79771355402
1:22:04 AM,612,4107.23126984127,4148.75,4148,4107.23126984127,4210.75975943117
1:22:07 AM,613,4147.3146031746,4176.33333333333,4223,4147.3146031746,4280.65181019577
1:22:10 AM,614,4187.38126984127,4324.42857142857,4217,4187.38126984127,4340.36725900908
1:22:13 AM,615,4262.29174603175,4681.5,4681.5,4262.29174603175,4388.71112247624
1:22:16 AM,616,4365.6346031746,4524,4538,4365.6346031746,4424.91623275187
1:22:19 AM,617,4447.27349206349,4310.4,4234,4447.27349206349,4448.21542199059
1:22:22 AM,618,4499.90682539683,4510.75,4583,4499.90682539683,4457.841522347
1:22:25 AM,620,4675.40682539683,4477,4477,4675.40682539683,4458.78911452197
1:22:28 AM,621,4831.92349206349,4319.25,4310.5,4831.92349206349,4484.02834869935
1:22:31 AM,622,4980.21793650794,4288.5,4288.5,4980.21793650794,4550.53831396677
1:22:34 AM,623,5102.18936507937,4771.85714285714,4395,5102.18936507937,4676.88933959681
1:22:37 AM,624,5174.25603174603,5379,5379,5174.25603174603,4881.65175486202
1:22:40 AM,625,5275.97603174603,5091.83333333333,4980.5,5275.97603174603,5171.93685908748
1:22:43 AM,626,5409.61603174603,4581,4581,5409.61603174603,5509.01983180823
1:22:46 AM,627,5543.96603174603,6546.5,6546.5,5543.96603174603,5842.71682261171
1:22:49 AM,628,5655.76603174603,6496.5,6598,5655.76603174603,6122.84398108547
1:22:52 AM,629,5808.61603174603,6400.75,6411,5808.61603174603,6299.21745681699
1:22:55 AM,630,5963.91603174603,6154,6154,5963.91603174603,6339.9226516951
1:22:58 AM,631,6145.85888888889,5762.5,5762.5,6145.85888888889,6286.12197681385
1:23:01 AM,632,6275.85888888889,6049.8,6088,6275.85888888889,6197.24709556861
1:23:04 AM,633,6424.91444444444,6315,6613,6424.91444444444,6132.72967135474
1:23:07 AM,634,6599.66682539683,6526,6556,6599.66682539683,6152.00136756762
1:23:10 AM,635,6712.07793650794,6154,6094,6712.07793650794,6296.93990165719
1:23:13 AM,636,6818.1646031746,6612,6612,6818.1646031746,6539.20720729182
1:23:16 AM,637,6918.24793650794,6618,6618,6918.24793650794,6832.91127219448
1:23:19 AM,638,7033.9146031746,7501,7501,7033.9146031746,7132.16008408806
1:23:22 AM,639,7161.29238095238,7329,7329,7161.29238095238,7391.06163069554
1:23:25 AM,640,7282.32793650794,7327.66666666667,7213,7282.32793650794,7574.49438167421
1:23:28 AM,641,7396.17238095238,7202.28571428571,6879,7396.17238095238,7690.41873441867
1:23:31 AM,642,7525.28349206349,8232.66666666667,8285,7525.28349206349,7757.5655682579
1:23:34 AM,643,7634.64349206349,8087.8,8121,7634.64349206349,7794.66576252085
1:23:37 AM,644,7885.01015873016,7902,7902,7885.01015873016,7820.4501965365
1:23:40 AM,645,8136.57682539682,7889,7708,8136.57682539682,7852.8457011535
1:23:43 AM,646,8301.31015873016,7673.16666666667,7659.5,8301.31015873016,7906.56291329926
1:23:46 AM,647,8487.99349206349,7865.33333333333,7861,8487.99349206349,7995.50842142094
1:23:49 AM,648,8660.44904761905,8022.66666666667,7873,8660.44904761905,8133.58881396564
1:23:52 AM,649,8954.03,8462.66666666667,8525,8954.03,8334.71067938047
1:23:55 AM,650,9173.61888888889,7794.4,7326,9173.61888888889,8607.4796607688
1:23:58 AM,652,9382.47666666667,10367.5,10367.5,9382.47666666667,9312.2654730351
1:24:01 AM,653,9643.85,10391.5,10391.5,9643.85,9708.48413668193
1:24:04 AM,654,9908.09,9972,9972,9908.09,10110.0545271839
1:24:07 AM,655,10198.9788888889,10129.25,9887.5,10198.9788888889,10499.0775609253
1:24:10 AM,656,10458.69,9914.5,9917,10458.69,10858.232577544
1:24:13 AM,657,10704.89,11606,11606,10704.89,11172.5126096914
1:24:16 AM,658,10898.0011111111,11526.5,11476,10898.0011111111,11427.4891132722
1:24:19 AM,659,11211.3244444444,11220.6666666667,11235,11211.3244444444,11608.7335441909
1:24:22 AM,660,11416.1244444444,11822.6,11911,11416.1244444444,11701.8173583525
1:24:25 AM,661,11587.5466666667,11852.6,11866,11587.5466666667,11705.3543708439
1:24:28 AM,662,11887.8133333333,12036.5,12036.5,11887.8133333333,11670.1278334823
1:24:31 AM,663,12175.955,11761,11761,12175.955,11659.9633572669
1:24:34 AM,664,12481.3438888889,11715.6666666667,11930,12481.3438888889,11738.6865531973
1:24:37 AM,665,12685.8772222222,11359.3333333333,11127,12685.8772222222,11970.123032273
1:24:40 AM,666,12895.0438888889,12494.25,12349,12895.0438888889,12392.7190095043
1:24:43 AM,667,13128.1194444444,13439.5,13398.5,13128.1194444444,12943.4031159454
1:24:46 AM,668,13420.6294444444,12962.8333333333,12876,13420.6294444444,13533.7245866615
1:24:49 AM,669,13719.9227777778,14476,14480,13719.9227777778,14075.2326567176
1:24:52 AM,670,14010.5783333333,14451.375,14453.5,14010.5783333333,14479.4765611789
1:24:55 AM,671,14218.0894444444,14495.3333333333,14493,14218.0894444444,14684.8502006152
1:24:58 AM,673,14761.045,14674,14674,14761.045,14708.9216002709
1:25:01 AM,675,15291.2894444444,14664,14631,15291.2894444444,14701.5400149242
1:25:04 AM,676,15731.8727777778,14716.8,14728,15731.8727777778,14867.5974231074
1:25:07 AM,677,16208.6061111111,16210.25,16136,16208.6061111111,15243.643269319
1:25:10 AM,678,16718.6505555556,16342,16083.5,16718.6505555556,15872.4354273075
1:25:13 AM,679,17130.8838888889,16396.3333333333,16822,17130.8838888889,16677.2943534422
1:25:16 AM,680,17428.7922222222,14873.6666666667,14860,17428.7922222222,17551.6811497482
1:25:19 AM,681,17704.37,19860,19923,17704.37,18389.0569182503
1:25:22 AM,682,17966.07,19313,19429.5,17966.07,19082.8827609736
1:25:25 AM,683,18553.9866666667,19103,19067,18553.9866666667,19554.1048700786
1:25:28 AM,684,19125.4380952381,20590.5,20590.5,19125.4380952381,19833.6097982689
1:25:31 AM,685,19382.8880952381,20613.5,20613.5,19382.8880952381,19979.7691883837
1:25:34 AM,686,19651.9325396825,20659.5,20659.5,19651.9325396825,20050.9546832624
1:25:37 AM,687,19951.0722222222,18920,18920,19951.0722222222,20105.5379257443
1:25:40 AM,688,20284.8277777778,18629,18593,20284.8277777778,20191.854006785
1:25:43 AM,689,20498.3777777778,18599.5,18599.5,20498.3777777778,20318.091809806
1:25:46 AM,690,20820.4444444444,23482.75,23763.5,20820.4444444444,20482.4036663453
1:25:49 AM,691,21152.2944444444,23288.5714285714,23346,21152.2944444444,20682.9419079406
1:25:52 AM,692,21531.9944444444,20072,20072,21531.9944444444,20917.8588661299
1:25:55 AM,693,21956.3277777778,20377.6666666667,20563,21956.3277777778,21191.5095921676
1:25:58 AM,694,22391.9166666667,20883.4285714286,21109,22391.9166666667,21533.0600161743
1:26:01 AM,695,22959.3166666667,19880,19880,22959.3166666667,21977.8787879872
1:26:04 AM,696,23540.4333333333,23063.25,24225,23540.4333333333,22561.3345574435
1:26:07 AM,697,24117.8444444444,24144,24280,24117.8444444444,23318.7959743802
1:26:10 AM,698,24421.2944444444,24080.75,23791,24421.2944444444,24259.8316373166
1:26:13 AM,699,24759.9063492063,26286,26286,24759.9063492063,25290.8099395008
1:26:16 AM,700,25292.673015873,26978.5,26978.5,25292.673015873,26292.2992228626
1:26:19 AM,701,25816.8952380952,27193.3333333333,27102,25816.8952380952,27144.8678293319
1:26:22 AM,702,26499.96,27431,27431,26499.96,27729.084100839
1:26:25 AM,703,27238.8155555556,27345.75,27450,27238.8155555556,27971.8754615292
1:26:28 AM,704,27793.5988888889,27260.6666666667,27220,27793.5988888889,27985.6056644094
1:26:31 AM,705,28374.6655555556,28034.5,28034.5,28374.6655555556,27928.9975447021
1:26:34 AM,706,29009.1488888889,28367.75,28376,29009.1488888889,27960.7739376298
1:26:37 AM,707,29513.1155555556,28063.5,27798.5,29513.1155555556,28239.6576784149
1:26:40 AM,708,29954.4422222222,28241,28314.5,29954.4422222222,28874.8904753313
1:26:43 AM,709,30431.94,31129.4,31991,30431.94,29777.7895288597
1:26:46 AM,710,30911.64,30962.8333333333,31026,30911.64,30810.1909125324
1:26:49 AM,711,31362.39,31385,31385,31362.39,31833.9306998814
1:26:52 AM,712,31853.1677777778,32860,32860,31853.1677777778,32710.844964439
1:26:55 AM,714,32397.0455555556,33598,33598,32397.0455555556,33734.6568497374
1:26:58 AM,715,32971.7844444444,33845.5,33711,32971.7844444444,33967.0106093818
1:27:01 AM,716,33544.9571717172,33598.4,33316,33544.9571717172,34091.893308828
1:27:04 AM,717,33953.5571717172,34355.8,34413,33953.5571717172,34168.4777444294
1:27:07 AM,718,34386.2638383838,34626.5,34643,34386.2638383838,34255.9367125398
1:27:10 AM,719,34828.0749494949,34107,34107,34828.0749494949,34401.693303198
1:27:13 AM,720,35258.6527272727,34622.3333333333,34259,35258.6527272727,34606.1717811847
1:27:16 AM,724,35656.3860606061,36192.6666666667,35838,35656.3860606061,35784.795735733
1:27:19 AM,725,35988.2860606061,36988.8333333333,36932.5,35988.2860606061,36113.0020273499
1:27:22 AM,726,36272.9860606061,36661.0909090909,37002,36272.9860606061,36431.9775570906
1:27:25 AM,727,36508.3212987013,34370,34396,36508.3212987013,36732.765020301
1:27:28 AM,728,36892.267965368,37620,37620,36892.267965368,37015.8796598479
1:27:31 AM,730,37221.2846320346,37590,37722,37221.2846320346,37540.623986939
1:27:34 AM,731,37567.317965368,37843.6666666667,38498,37567.317965368,37788.0204339772
1:27:37 AM,732,37873.9790764791,38826,38826,37873.9790764791,38029.2775763397
1:27:40 AM,733,38071.5346320346,38576.5,38600.5,38071.5346320346,38265.3424210288
1:27:43 AM,735,38206.3457431458,38116,37528,38206.3457431458,38692.7649087388
1:27:46 AM,736,38369.7396825397,37128.4285714286,36052,38369.7396825397,38866.6528383186
1:27:49 AM,737,38682.8063492063,40115,40115,38682.8063492063,39002.3454160875
1:27:52 AM,738,38824.0596825397,39561.75,39467,38824.0596825397,39091.107785325
1:27:55 AM,739,38927.6596825397,39297.5,39297.5,38927.6596825397,39130.1897882685
1:27:58 AM,740,39107.6985714286,39222.25,39194.5,39107.6985714286,39140.7800629871
1:28:01 AM,741,39192.3096825397,39156,39156,39192.3096825397,39150.0519465077
1:28:04 AM,742,39182.3652380952,39011,39011,39182.3652380952,39185.1787758574
1:28:07 AM,743,39120.5652380952,39112,39110,39120.5652380952,39273.3338880631
1:28:10 AM,744,39038.8433333333,39066,39026,39038.8433333333,39423.9257058238
1:28:13 AM,745,38748.4433333333,39738.8,39170,38748.4433333333,39575.3029945253
1:28:16 AM,746,38457.4266666667,39144,39144,38457.4266666667,39648.0496052254
1:28:19 AM,747,38216.0266666667,40544.25,40547.5,38216.0266666667,39562.7493889821
1:28:22 AM,748,37876.4988888889,40095.1666666667,39826,37876.4988888889,39239.986196853
1:28:25 AM,749,37535.7877777778,38427.3333333333,39474,37535.7877777778,38631.6554828847
1:28:28 AM,750,37265.7655555556,37189,35257,37265.7655555556,37814.8991130782
1:28:31 AM,751,36565.2655555556,35902.6,35283,36565.2655555556,36898.170556423
1:28:34 AM,752,35953.6655555556,35759,35759,35953.6655555556,35989.9232819091
1:28:37 AM,753,35273.7455555556,35196.5,34758,35273.7455555556,35198.6107585261
1:28:40 AM,754,34642.0122222222,35676.5,35676.5,34642.0122222222,34595.2434869859
1:28:43 AM,755,33706.4177777778,34129.3333333333,34469,33706.4177777778,34101.0600948898
1:28:46 AM,756,32901.94,34045.3333333333,34659,32901.94,33599.8562415613
1:28:49 AM,757,31788.5558730159,34960.6666666667,34961,31788.5558730159,32975.427586324
1:28:52 AM,758,30711.2225396825,28604.5,28604.5,30711.2225396825,32111.5697885014
1:28:55 AM,759,29405.3158730159,29892,29892,29405.3158730159,30928.1108969318
1:28:58 AM,760,28312.5825396825,29540,28348,28312.5825396825,29489.008518512
1:29:01 AM,761,27352.4158730159,29668,29668,27352.4158730159,27894.2526496537
1:29:04 AM,762,25721.6492063492,26510.3333333333,26638.5,25721.6492063492,26243.8332867683
1:29:07 AM,763,24175.9507936508,28028,28069.5,24175.9507936508,24637.7404262678
1:29:10 AM,764,22771.1952380952,21726.5714285714,22930,22771.1952380952,23149.8671855964
1:29:13 AM,765,20809.1507936508,21029,22209,20809.1507936508,21749.7191663305
1:29:16 AM,766,19245.6412698413,16314,16277.5,19245.6412698413,20380.7050910794
1:29:19 AM,767,17556.219047619,19368,19368,17556.219047619,18986.2336824524
1:29:22 AM,769,15722.069047619,20794,20796,15722.069047619,15894.553755507
1:29:25 AM,770,13845.8823809524,11215,11215,13845.8823809524,14107.2649663642
1:29:28 AM,771,12180.7601587302,10943.8571428571,10458,12180.7601587302,12206.7674380235
1:29:31 AM,772,10436.3101587302,12974,12974,10436.3101587302,10275.083596835
1:29:34 AM,774,9050.36095238095,5530,5730,9050.36095238095,6646.24668131672
1:29:37 AM,775,7710.82761904762,5151.85714285714,3704,7710.82761904762,5113.13845968737
1:29:40 AM,776,6682.37206349206,4550.66666666667,5265,6682.37206349206,3858.15937545817
1:29:43 AM,777,5447.09428571429,2027.75,1976.5,5447.09428571429,2869.46057921082
1:29:46 AM,778,4108.99428571429,1525.2,1495,4108.99428571429,2116.41896637347
1:29:49 AM,779,3405.94428571429,1533.5,1533.5,3405.94428571429,1568.41143237421
1:29:52 AM,780,2720.30936507936,1861.25,2042.5,2720.30936507936,1194.81487264128
1:29:55 AM,782,1897.30936507937,937.333333333333,916,1897.30936507937,846.419084146099
1:29:58 AM,783,1574.40936507936,936,946,1574.40936507936,807.701782621669
1:30:01 AM,784,1269.15222222222,887.166666666667,803.5,1269.15222222222,816.530896609485
1:30:04 AM,785,1005.30777777778,838.833333333333,805.5,1005.30777777778,840.82594138216
1:30:07 AM,786,907.531111111111,722.5,722.5,907.531111111111,848.506432212303
1:30:10 AM,787,841.273333333333,669.25,668.5,841.273333333333,815.711547547854
1:30:13 AM,788,774.44,659.333333333333,644,774.44,751.459118538078
1:30:16 AM,789,684.023333333333,629,629,684.023333333333,672.986639507566
1:30:19 AM,790,654.534444444444,686.5,717.5,654.534444444444,597.531604780928
1:30:22 AM,791,624.467777777778,573,573,624.467777777778,542.331508682756
1:30:25 AM,792,597.745555555556,593,593,597.745555555556,519.610985025396
1:30:28 AM,793,574.606666666667,561.1,552.5,574.606666666667,521.543225572209
1:30:31 AM,794,558.04,531.333333333333,534,558.04,535.288561574305
