"temp","CO2_av","CO2_med","Moving","Modelled","CO2_scaled"
100,51,51,51.8208333333333,51.8505009787257,51.8208333333333
101,51.75,52.5,53.6208333333333,53.1622703925886,53.6208333333333
102,53.5,53.5,55.6041666666667,54.2685587866757,55.6041666666667
103,54.6598720349581,54.1731030472331,56.9079779269619,55.1536319676563,56.9079779269619
104,55.0989553534313,54.6062848281722,57.5279845624302,55.8017557421999,57.5279845624302
105,55.1135609951888,54.8613241950252,57.7110822500167,56.1971959169759,57.7110822500167
106,55,55,57.7041666666667,56.3242182986536,57.7041666666667
107,55.0229749783583,55.1086972224995,57.7846965611606,56.1969555546111,57.7846965611606
108,55.3207548236537,55.3722253507068,58.3523829696196,55.9490077950616,58.3523829696196
109,56,56,59.8375,55.7438419909269,59.8375
110,57,57,62.0375,55.7449251131286,62.0375
111,57.9187959395013,57.9214362857071,63.1371122293776,56.1157241325887,63.1371122293776
112,59.5,59.5,64.3625,57.0197060202288,64.3625
113,62,62,66.7625,58.6203377469709,66.7625
114,63.423454110911,63.4236242305656,68.0912561558785,61.0810862837367,68.0912561558785
115,65,65,69.3625,64.5654186014479,69.3625
116,68,68,71.9125,69.0866550085261,71.9125
117,71,71,74.5625,74.0575291633914,74.5625
118,75,75,77.4083333333333,78.7406280619636,77.4083333333333
119,78,78,80.4583333333333,82.3985387001627,80.4583333333333
120,81,81,83.5833333333333,84.2938480739083,83.5833333333333
121,84,84,86.7333333333333,84.0768462194816,86.7333333333333
122,86,86,89.9083333333333,82.9486353346099,89.9083333333333
123,90.5,90.5,93.0333333333333,82.4980206573816,93.0333333333333
124,95,95,96.1833333333333,84.313807425885,96.1833333333333
125,98,98,99.4583333333333,89.9848008782088,99.4583333333333
126,101,101,109.883333333333,100.284394851292,109.883333333333
127,104,104,114.033333333333,112.724337577478,114.033333333333
128,108.666666666667,109,122.291666666667,124.000965887959,122.291666666667
129,114.5,114.5,134.897480620155,130.810616613931,134.897480620155
130,117.5,117.5,160.647480620155,129.849626586585,160.647480620155
131,119,119,186.697480620155,119.694825626684,186.697480620155
132,120.5,120.5,212.947480620155,106.445015513261,212.947480620155
133,122,122,239.255813953488,98.0794910149195,239.255813953488
134,125,125,265.605813953488,102.577546900261,265.605813953488
135,130.5,130.5,292.005813953488,127.918477937887,292.005813953488
136,276.5,142,318.655813953488,179.148177237073,318.655813953488
137,154,154,345.980813953488,249.578931269779,345.980813953488
138,240.166666666667,175.5,374.509980620155,329.589624848644,374.509980620155
139,330.116279069767,318,404.184980620155,409.559142786301,404.184980620155
140,596,596,435.669980620155,479.866369895385,435.669980620155
141,661.275983491329,658.844057599451,450.985081494141,533.057837876918,450.985081494141
142,605,605,467.069980620155,570.350665985476,467.069980620155
143,611,611,497.444980620155,595.129620364019,497.444980620155
144,617.841483762535,617.935716825863,513.297629462234,610.779467155511,513.297629462234
145,616.666666666667,617,528.459563953488,620.684972502911,528.459563953488
146,622,622,561.591142900857,628.230902549184,561.591142900857
147,626,626,596.416142900857,636.80202343729,596.416142900857
148,634,634,624.541142900857,649.020246357421,624.541142900857
149,650.5,650.5,659.391142900857,664.456062688692,659.391142900857
150,679.25,679,690.707809567523,681.917108857448,690.707809567523
151,708,708,718.751995614035,700.211021290033,718.751995614035
152,747.2,728,735.151995614035,718.145436412792,735.151995614035
153,747,729,752.501995614035,734.868280535498,752.501995614035
154,728,728,770.568662280702,750.888639501635,770.568662280702
155,742.291666666667,728,789.335328947368,767.055889038117,789.335328947368
156,787.631578947368,807,809.640328947368,784.219404871859,809.640328947368
157,827,827,834.230328947368,803.228562729772,834.230328947368
158,839,839,852.824078947368,824.93273833877,852.824078947368
159,851,851,871.399078947368,849.815456803133,871.399078947368
160,866.5,866.5,889.236578947369,876.896840736607,889.236578947369
161,891,891,906.386578947369,904.831162130302,906.386578947369
162,924,923,922.426578947369,932.27269297533,922.426578947369
163,952,952,939.826578947369,957.875705262803,939.826578947369
164,972.333333333333,973,960.026578947369,980.510201884802,960.026578947369
165,992,992,981.661995614035,999.909109337284,981.661995614035
166,1028.1,1023,1003.08041666667,1016.02108501718,1003.08041666667
167,1117.8,1129,1024.61375,1028.79478632141,1024.61375
168,1005.875,1004,1047.66375,1038.17887064691,1047.66375
169,977.207185148727,971.471288089938,1062.65869366036,1044.38686697138,1062.65869366036
170,1022,1022,1072.36375,1048.69179059565,1072.36375
171,1036.6324315639,1037.98351441245,1083.12735907629,1052.63152840132,1083.12735907629
172,1036,1036,1099.21375,1057.74396726999,1099.21375
173,1051,1051,1122.86660714286,1065.56699408327,1122.86660714286
174,1068,1068,1151.16660714286,1077.63849572275,1151.16660714286
175,1095,1095,1182.36660714286,1095.49635907004,1182.36660714286
176,1132,1132,1213.74994047619,1120.38286535328,1213.74994047619
177,1175,1175,1245.34994047619,1152.35787318671,1245.34994047619
178,1216,1216,1276.14494047619,1191.18563553114,1276.14494047619
179,1257.66666666667,1258,1303.35494047619,1236.63040534733,1303.35494047619
180,1300,1300,1337.06119047619,1288.4564355961,1337.06119047619
181,1345,1345,1372.07785714286,1345.71836893156,1372.07785714286
182,1403.5,1405,1409.17785714286,1404.63240678127,1409.17785714286
183,1364.05714285714,1381,1448.35285714286,1460.7051402661,1448.35285714286
184,1490,1490,1489.85285714286,1509.44316050696,1489.85285714286
185,1576,1576,1533.27785714286,1546.35305862472,1533.27785714286
186,1603.69051597647,1606.95971991899,1556.60975855589,1568.4997221938,1556.60975855589
187,1603.92301482546,1607.04005780301,1565.42252994889,1579.18122460264,1565.42252994889
188,1596.19400626171,1597.60036678552,1574.21653636744,1583.2539356932,1574.21653636744
189,1600,1600,1597.49214285714,1585.57422530747,1597.49214285714
190,1624,1624,1645.72547619048,1590.99846328739,1645.72547619048
191,1644,1644,1710.18658730159,1604.38301947495,1710.18658730159
192,1662,1662,1770.46863858364,1630.5842637121,1770.46863858364
193,1680,1680,1821.02318403818,1674.45856584081,1821.02318403818
194,1722.33333333333,1721,1869.77318403818,1738.8345571537,1869.77318403818
195,1778,1778,1953.84818403818,1818.429914746,1953.84818403818
196,1834.5,1834.5,2042.84532689533,1905.93457716361,2042.84532689533
197,1898,1898,2128.74532689533,1994.0384829524,2128.74532689533
198,1963.5,1963.5,2215.49532689533,2075.43157065827,2215.49532689533
199,2416.28571428571,2110,2308.59532689533,2145.80601320957,2308.59532689533
200,2139.66666666667,2140,2411.62032689533,2212.86292106448,2411.62032689533
201,2505.22222222222,2651,2523.25366022866,2287.30563906369,2523.25366022866
202,2463.30769230769,2529,2637.18699356199,2379.83751204784,2637.18699356199
203,2311.09090909091,2258,2757.43699356199,2501.16188485761,2757.43699356199
204,2320,2320,2871.72684863446,2657.85063094197,2871.72684863446
205,3085,3085,2986.86018196779,2839.94973818317,2986.86018196779
206,3144,3144,3113.76018196779,3033.37372307178,3113.76018196779
207,3208,3208,3248.76018196779,3224.03710209836,3248.76018196779
208,3311,3311,3382.93518196779,3397.85439175348,3382.93518196779
209,3462,3462,3497.68756292017,3544.47599095757,3497.68756292017
210,3684.5,3687.5,3627.45422958684,3668.49582835057,3627.45422958684
211,3876.66666666667,3880,3738.49311847573,3778.24371500225,3738.49311847573
212,3940.66666666667,3943,3850.87773386034,3882.04946198243,3850.87773386034
213,4085,3939,3970.7231884058,3988.24288036089,3970.7231884058
214,4008.13043478261,3966,4092.7731884058,4102.66100174706,4092.7731884058
215,4080.66666666667,4073,4218.53227931489,4221.16973990888,4218.53227931489
216,4372.5,4372.5,4373.85227931489,4337.14222915395,4373.85227931489
217,4545.44681369688,4549.73037756069,4437.93762480512,4443.95160378985,4437.93762480512
218,4588.6047385345,4591.60062784588,4453.54435271935,4534.97099812414,4453.54435271935
219,4598,4598,4518.21137022398,4603.57354646443,4518.21137022398
220,4647,4647,4681.16137022398,4643.13238311828,4681.16137022398
221,4711.33333333333,4716,4838.16137022398,4652.78823231268,4838.16137022398
222,4735,4735,4985.88637022398,4654.7521779521,4985.88637022398
223,4726,4726,5127.35303689065,4677.00289386045,5127.35303689065
224,4711,4711,5271.61970355731,4747.51905386162,5271.61970355731
225,4708,4708,5414.51970355731,4894.27933177947,5414.51970355731
226,4761,4757,5604.52318181818,5134.36080213277,5604.52318181818
227,5600.18181818182,5221,5823.90234848485,5441.23414221977,5823.90234848485
228,6250.4,6540.5,6057.87734848485,5777.46843003356,6057.87734848485
229,6095.18181818182,6102,6305.63359848485,6105.63274356726,6305.63359848485
230,6257.96756649361,6140.18083970433,6425.3339372893,6388.29616081399,6425.3339372893
231,6570,6570,6577.81109848485,6588.02775976685,6577.81109848485
232,6602,6602,6878.99443181818,6682.39291881373,6878.99443181818
233,6604.74067714581,6594.66641748433,7040.24853185398,6708.94221792163,7040.24853185398
234,6639,6639,7198.71943181818,6720.22253745234,7198.71943181818
235,6706,6706,7526.21943181818,6768.78075776764,7526.21943181818
236,6826,6826,7851.20276515152,6907.16375922931,7851.20276515152
237,6943,6943,8188.71943181818,7187.91842219913,8188.71943181818
238,7808.2,7294,8544.66943181818,7643.9667902117,8544.66943181818
239,8468.25,7960,8961.81534090909,8229.73155949289,8961.81534090909
240,9052,8683.5,9427.80962662338,8880.01058944134,9427.80962662338
241,9553.125,9572.5,9926.12553571429,9529.60173945572,9926.12553571429
242,10090.55,10170.5,10401.3255357143,10113.3028689347,10401.3255357143
243,10735,10735,10883.8005357143,10585.7168966905,10883.8005357143
244,11129.5,11129.5,11375.8505357143,10980.6669791892,11375.8505357143
245,11276,11276,11873.8505357143,11351.7813323106,11873.8505357143
246,11210.6666666667,11336,12381.3005357143,11752.6881719345,12381.3005357143
247,11458.3333333333,11453,12904.0505357143,12237.0157139404,12904.0505357143
248,11880,11796.5,13403.2155357143,12840.7108290622,13403.2155357143
249,13943.1,13738,13885.6030357143,13528.9950074492,13885.6030357143
250,15570.2857142857,15801,14456.994702381,14249.4083941047,14456.994702381
251,16061.5,16061.5,15099.808452381,14949.4911340322,15099.808452381
252,16074,16074,15662.4042857143,15576.7833722348,15662.4042857143
253,16034.7400878615,16090.4102864303,15871.0781680517,16090.9079116738,15871.0781680517
254,16032.486249753,16085.8840146761,15861.6625311903,16499.8181871406,15861.6625311903
255,16095.364286768,16119.7907355838,15886.6608271464,16823.5502913845,15886.6608271464
256,16251.5,16251.5,16198.5765079365,17082.1403171548,16198.5765079365
257,16480,16480,16909.9015079365,17295.6243572007,16909.9015079365
258,16666,16666,17668.0181746032,17484.0385042716,17668.0181746032
259,16975,16975,18500.2848412698,17667.4188511166,18500.2848412698
260,17398,17398,19718.6581746032,17865.801490485,19718.6581746032
261,17791.5,17791.5,20711.3748412698,18099.2225151261,20711.3748412698
262,18116,18116,21893.5531746032,18395.3517109142,21893.5531746032
263,20479.8333333333,18502,23139.1565359477,18812.393636224,23139.1565359477
264,22409.4,23986,24593.3815359477,19416.1865425554,24593.3815359477
265,21342.4666666667,21789,26031.3315359477,20272.5686814081,26031.3315359477
266,21458.4444444444,21399,27438.0565359477,21447.3783042821,27438.0565359477
267,22428.9286680688,22577.3385068737,28124.5028510693,22979.3253822002,28124.5028510693
268,23759.0448384744,24018.411097347,28449.0924021484,24798.6067642784,28449.0924021484
269,25356,25356,29105.964869281,26808.2910191559,29105.964869281
270,26438.3333333333,26404,30549.5648692811,28911.4467154717,30549.5648692811
271,27856,27856,32353.9759803922,31011.1424218651,32353.9759803922
272,35825.8,30289,34286.8593137255,33010.4467069752,34286.8593137255
273,31734.3333333333,31756,36507.1843137255,34812.4281394411,36507.1843137255
274,37586.6666666667,34260,38807.8843137255,36348.4299932387,38807.8843137255
275,40482.3529411765,40665,41052.2426470588,37662.89436369,41052.2426470588
276,41802.1833895257,44939.7720834878,41955.1725495269,38828.538051454,41955.1725495269
277,43179.9247163464,46287.0713607987,41975.6843951198,39918.0778571893,41975.6843951198
278,44374.7919202879,45943.5849577103,42126.1953666822,41004.230581555,42126.1953666822
279,45146,45146,43419.1226470588,42159.7130252097,43419.1226470588
280,44833,44769,45939.7326470588,43457.2419888124,45939.7326470588
281,42747.4130584408,44459.8255795255,47191.778639384,44969.5342730218,47191.778639384
282,44386,44386,48260.2229248366,46769.3066784967,48260.2229248366
283,49838.1666666667,44447,50634.0284803922,48898.1393920701,50634.0284803922
284,45538,45107,53411.4618137255,51273.0661452716,53411.4618137255
285,53063.2222222222,51489,56518.5868137255,53779.9840558049,56518.5868137255
286,56055.6666666667,56250,59231.0134803922,56304.7902413736,59231.0134803922
287,62198,62198,62083.1134803922,58733.3818196815,62083.1134803922
288,64563.9907234574,64199.388196509,63434.7770838315,60988.4765885751,63434.7770838315
289,64130,64130,64801.1036764706,63140.0750664734,64801.1036764706
290,65367,65367,67717.5860294118,65294.9984519381,67717.5860294118
291,69747,66784,70440.3860294118,67560.067943531,70440.3860294118
292,71754.6666666667,67436,73217.5860294118,70042.1047398138,73217.5860294118
293,67868.25,67916.5,76362.0985294118,72847.9300393485,76362.0985294118
294,72832.1111111111,72673,79052.3901960784,76035.7292184118,79052.3901960784
295,81987,81987,82235.6601960784,79469.1443641416,82235.6601960784
296,87699.8428663758,88881.2333474932,83756.3894758202,82963.1817413905,83756.3894758202
297,89998.5,90128,85150.1490849673,86332.8476150116,85150.1490849673
298,90074.3333333333,87079,88176.7965208648,89393.1482498577,88176.7965208648
299,88776.3333333333,88833,91237.8965208648,91959.0899107817,91237.8965208648
300,91946.4705882353,91133,94185.3965208648,93912.3261639673,94185.3965208648
301,95924.8542764593,95102.9746529531,96023.5283190783,95401.0997809226,96023.5283190783
302,98812,98812,97069.7715208648,96640.3008344866,97069.7715208648
303,100069.761960984,99815.2577929516,98076.4284784802,97844.8193974983,98076.4284784802
304,99602,99602,99708.9215208648,99229.5455427966,99708.9215208648
305,100377,100377,102293.908187531,101009.369343221,102293.908187531
306,107276.25,102376.5,105001.558187531,103399.180871609,105001.558187531
307,103644,103644,107322.16691769,106516.129070605,107322.16691769
308,109203.4,106068,109536.59191769,110086.398362066,109536.59191769
309,111353,108624,111667.074060547,113738.432037654,111667.074060547
310,116588.615384615,116588,113472.607393881,117100.673389029,113472.607393881
311,123420,123420,115269.140727214,119801.565707853,115269.140727214
312,124543.883049957,124419.181290788,116195.306585181,121571.875900119,116195.306585181
313,123080,123080,116884.767197802,122551.665329144,116884.767197802
314,123054.5,123054.5,118110.792197802,122983.318972575,118110.792197802
315,122530,122530,119394.613626374,123109.22180806,119394.613626374
316,123454.4,121824,120428.451126374,123171.758813248,120428.451126374
317,122021.25,119893,120838.188626374,123413.314965787,120838.188626374
318,119244.285714286,118496,121411.338626374,124004.694019584,121411.338626374
319,126275.5,126735,121698.368626374,124830.374833588,121698.368626374
320,132608.142857143,133028,121787.293626374,125703.255043009,121787.293626374
321,126185,126185,121382.987857143,126436.232283053,121382.987857143
322,123585.50893341,123600.030923976,120990.77366892,126842.20418893,120990.77366892
323,124707,124707,120430.90452381,126734.068395849,120430.90452381
324,124259,124259,119501.20452381,125974.432452621,119501.20452381
325,123332.5,124986.5,118638.27952381,124624.743562467,118638.27952381
326,125278.428571429,126959,117553.97952381,122796.158842212,117553.97952381
327,121053.75,121027.5,116348.15952381,120599.83540868,116348.15952381
328,115471,115471,115092.49702381,118146.930378697,115092.49702381
329,115107,115107,113813.882738095,115554.748328211,113813.882738095
330,114944,114941,112011.257738095,112965.183669673,112011.257738095
331,113131.5,113815.5,109356.067261905,110526.278274659,109356.067261905
332,108502.5,107867,106992.017261905,108386.074014743,106992.017261905
333,104378.333333333,104295,104385.083928571,106692.612761502,104385.083928571
334,104486,104994,101789.833928571,105526.412711422,101789.833928571
335,105796,105796,99257.1089285714,104697.89736064,99257.1089285714
336,105136.302152223,104879.385079038,98170.2482658466,103949.9665302,98170.2482658466
337,103022.735987545,102878.294603034,97765.5400561274,103025.520041151,97765.5400561274
338,100844,100844,96597.4875,101667.457714538,96597.4875
339,99338,99338,93887.9,99618.6793714093,93887.9
340,96908,96908,91195.3666666667,96622.0848328104,91195.3666666667
341,93672,93672,89022.9833333334,92549.4367060368,89022.9833333334
342,90223,90171,86454.6958333333,87787.9487433761,86454.6958333333
343,79504.3333333333,74383,83963.4930555556,82853.6974833646,83963.4930555556
344,78904,78597.5,81694.7180555556,78262.7594645382,81694.7180555556
345,72568.3333333333,72412,79207.6513888889,74531.2112254331,79207.6513888889
346,72354,72354,76689.8013888889,72036.2326200942,76689.8013888889
347,72678,72678,74084.9313888889,70599.4167646022,74084.9313888889
348,73239.607672865,71021.3157210357,72961.6144043511,69903.4600905468,72961.6144043511
349,73533.4476608069,69892.0683536912,72640.1323563136,69631.0590295173,72640.1323563136
350,72086,72086,71713.2313888889,69464.9100131035,71713.2313888889
351,66862,72059,69456.1813888889,69087.709472895,69456.1813888889
352,61620.3333333333,57027,67332.5313888889,68182.1538404813,67332.5313888889
353,71659.3333333333,71686,65382.8813888889,66531.7584464176,65382.8813888889
354,63578.25,64036.5,63504.8480555556,64323.3142171221,63504.8480555556
355,63307.4444444444,59436,62050.7480555556,61844.4309779784,62050.7480555556
356,63127,62955,60785.6980555556,59382.7185543703,60785.6980555556
357,54637,54637,59757.0725653595,57225.7867716811,59757.0725653595
358,54129,54129,58986.3100653595,55598.7855346874,58986.3100653595
359,53698.6,53739,57847.3600653595,54477.0250657357,57847.3600653595
360,53410,53410,56786.8600653595,53773.3556665654,56786.8600653595
361,54197,54197,55944.2100653595,53400.6276389156,55944.2100653595
362,54570.4220650816,54823.6180407558,55699.2257364349,53271.6912845257,55699.2257364349
363,54457.6553564962,55013.7015044761,55816.5914663453,53299.3969051349,55816.5914663453
364,54274.0609696626,54854.9342159584,55866.6279540962,53396.5948024824,55866.6279540962
365,54435,54435,55419.6558986928,53476.1352783076,55419.6558986928
366,54679,54679,54396.7267320261,53468.2022553803,54396.7267320261
367,52662.3333333333,54928,53698.2187774807,53372.3141405938,53698.2187774807
368,50422.3333333333,48557,53021.3465552585,53205.322961872,53021.3465552585
369,53603,55748,52359.5965552585,52984.0807471387,52359.5965552585
370,51995.8235294118,51535,52146.7283734403,52725.4395243179,52146.7283734403
371,56938.75,57369,51883.2033734403,52446.2513213335,51883.2033734403
372,49899,49899,51650.5233734403,52160.7415735127,51650.5233734403
373,46684.6408627857,46433.9883882175,51584.1203677697,51872.6293457968,51584.1203677697
374,48831.2316291602,48869.077691373,51569.5118271369,51583.0071105303,51569.5118271369
375,50876,50876,51437.7233734403,51292.9673400577,51437.7233734403
376,50009,49600,51145.4233734403,51003.6025067238,51145.4233734403
377,51129.25,51582.5,50957.3358734403,50716.005082873,50957.3358734403
378,51200.75,51305,50684.1858734403,50431.2675408499,50684.1858734403
379,49608.0909090909,49376,50618.8192067736,50152.0253070648,50618.8192067736
380,49770,49770,50698.9989686784,49887.0856241904,50698.9989686784
381,49892,49892,50624.2489686784,49646.7986889651,50624.2489686784
382,50379.6363636364,50379,50666.4327922078,49441.5146981273,50666.4327922078
383,49715.2109864086,49556.7681840578,50578.2441291174,49281.5838484155,50578.2441291174
384,48858.5,48639.5,50498.7786255411,49177.3563365681,50498.7786255411
385,49045,49045,50637.6604437229,49137.4274276608,50637.6604437229
386,49154,49154,50865.9854437229,49163.3726601192,50865.9854437229
387,48173.2924434798,48148.1125886119,50988.6539121845,49255.012640706,50988.6539121845
388,47318.2281544751,47304.6890414947,51042.9204303004,49412.1679761843,51042.9204303004
389,48351,48351,51126.960443723,49634.6592733167,51126.960443723
390,50673.25,50689.5,51321.397943723,49922.3071388662,51321.397943723
391,49216,49216,51591.3021103896,50274.9321795958,51591.3021103896
392,51355,51092,51821.6975649351,50693.6650050114,51821.6975649351
393,52025.9285714286,52105.5,52195.2475649351,51184.8762355922,52195.2475649351
394,52108,52108,52545.2808982684,51756.2464945608,52545.2808982684
395,52839.5,52839.5,52779.0490800866,52415.4564051395,52779.0490800866
396,53585.6666666667,53604,52830.9740800866,53170.1865905507,52830.9740800866
397,52676.6363636364,52696,52952.5990800866,54009.7624101643,52952.5990800866
398,55442.5,55442.5,52990.2490800866,54850.0881679398,52990.2490800866
399,55228.5,55228.5,53137.1240800866,55588.7129039843,53137.1240800866
400,55018,55018,53194.6949134199,56123.1856584046,53194.6949134199
401,56598.8333333333,56665,53360.0115800866,56351.0554713078,53360.0115800866
402,54216,54216,53449.5365800866,56202.6425803641,53449.5365800866
403,55104.0491402459,55107.4206446156,53526.459956022,55739.3520134965,53526.459956022
404,57241,57241,53596.2768181818,55055.3599961913,53596.2768181818
405,56892.6666666667,56907,53624.4268181818,54244.8427539349,53624.4268181818
406,55055,55363,53632.4768181818,53401.9765122136,53632.4768181818
407,49897,49772.5,53763.0268181818,52620.9374965138,53763.0268181818
408,51477.5,51477.5,53958.995,51980.4394292277,53958.995
409,49907,49907,54069.1366666667,51497.3460203716,54069.1366666667
410,48718.3105914075,48631.9979114905,54099.5221901185,51173.0584768678,54099.5221901185
411,49111.6592427687,48971.6164330051,54092.1860010028,51008.9780056388,54092.1860010028
412,50248.0532727456,50124.3017380172,54086.868894719,51006.5058136067,54086.868894719
413,51288.5,51288.5,54123.3116666667,51167.0431076939,54123.3116666667
414,51824.6666666667,51988,54180.0616666667,51491.9910948227,54180.0616666667
415,52522.3333333333,52487,54154.07,51982.7509819154,54154.07
416,53145.5,52929,54295.96,52629.0743270982,54295.96
417,54960.7333333333,55667,54282.76,53374.1140933123,54282.76
418,52671,52671,54277.2808333333,54149.3735947029,54277.2808333333
419,51377.425771715,50972.6873450755,54226.2378738285,54886.3561454151,54226.2378738285
420,53000.5,53000.5,54375.4608333333,55516.565059594,54375.4608333333
421,56196.6666666667,56756.5,54879.0775,55971.5036513849,54879.0775
422,56596,56678.5,55319.8025,56204.2646012847,55319.8025
423,57645.3333333333,57663,55853.5825,56254.2980551985,55853.5825
424,56312,56312,56301.7175,56182.6435253829,56301.7175
425,55414.9353524479,55417.0442991162,56462.8480300661,56050.3405240951,56462.8480300661
426,55513.0111695712,55549.3938305351,56451.2958272549,55918.4285635917,56451.2958272549
427,55970.8314019089,56023.2964466865,56457.4880917687,55847.9471561297,56457.4880917687
428,56153,56153,56671.8520238095,55899.9358139659,56671.8520238095
429,56079,56079,57113.6353571429,56135.4340493573,57113.6353571429
430,57053.8,57312,57317.5103571429,56591.09994014,57317.5103571429
431,56977,56755.5,57424.1736904762,57206.065826467,57424.1736904762
432,56783.0833333333,56668,57610.2111904762,57895.0826140708,57610.2111904762
433,57018.6,56470,57702.0861904762,58572.9012086836,57702.0861904762
434,59969.3333333333,60011,57474.3028571429,59154.272516038,57474.3028571429
435,60779.2405628044,60761.2300470891,57298.6189769681,59568.9105637711,57298.6189769681
436,60292,60176,57211.9966071429,59806.3818671397,57211.9966071429
437,60582.6,61035,57083.1699404762,59871.2160633055,57083.1699404762
438,60251.2,60322,56724.0616071429,59767.9427894302,56724.0616071429
439,59227.3571428571,59019.5,56278.3616071429,59501.0916826755,56278.3616071429
440,61358,61358,55907.1616071429,59075.1923802031,55907.1616071429
441,57223,57223,55386.1716071429,58496.9994481082,55386.1716071429
442,57094,57094,54829.4716071429,57782.1671682204,54829.4716071429
443,56391.75,56588,54256.9549404762,56948.5747513028,54256.9549404762
444,54838,54727.5,53713.3249404762,56014.1014081186,53713.3249404762
445,53795.2630485161,52794.4087292443,53473.4903395368,54996.6263494309,53473.4903395368
446,52956.4416610085,50910.60983221,53325.4816852877,53914.0287860029,53325.4816852877
447,51641,48901,52911.9082738095,52784.1879285976,52911.9082738095
448,51349.875,49339.5,52070.7957738095,51629.9587892566,52070.7957738095
449,55068.8,55914,51221.6470238095,50494.0995851356,51221.6470238095
450,49129.8333333333,49293.5,50249.9370238095,49424.3443346681,50249.9370238095
451,47239,47239,49123.5191666667,48468.4270562884,49123.5191666667
452,48655,48655,47938.3191666667,47674.0817684301,47938.3191666667
453,46634,46634,46937.6191666667,47072.2127191598,46937.6191666667
454,45843,45812.5,45996.9191666667,46626.4050750736,45996.9191666667
455,45332.75,45323,45029.8379166667,46283.4142324002,45029.8379166667
456,46146,46146,44086.1329166667,45989.9955873684,44086.1329166667
457,46403.1974627733,46423.2174473823,43650.5506824021,45692.9045362069,43650.5506824021
458,45825.8764716159,45869.0497456506,43604.7844062532,45338.8964751444,43604.7844062532
459,44857.3672446506,44902.1071710937,43639.5745281681,44874.7268004097,43639.5745281681
460,43941,43941,43445.6614880952,44247.1509082314,43445.6614880952
461,43469.75,43330.5,42745.4427380952,43423.5756755665,42745.4427380952
462,43599.625,43207.5,41681.4277380952,42454.0139022849,41681.4277380952
463,44061.8118824767,43635.8455400898,41228.3980039252,41409.1298689845,41228.3980039252
464,43622.8491191476,43370.4206010837,41161.3358353103,40359.5878562633,41161.3358353103
465,40817,40817,40881.9027380952,39376.0521447193,40881.9027380952
466,36699,36699,40068.5060714286,38529.1870149505,40068.5060714286
467,37654,37096.5,39255.8060714286,37889.656747555,39255.8060714286
468,37209,37209,38484.6560714286,37504.7514809952,38484.6560714286
469,37294.9352081377,37465.0777401386,38226.255272908,37328.2647851909,38226.255272908
470,38055.3209469494,38004.386263182,38190.5676614475,37290.6160879263,38190.5676614475
471,38280,38280,37839.1560714286,37322.2248169857,37839.1560714286
472,37050.125,37375,36896.4185714286,37353.5104001534,36896.4185714286
473,35963.9,35689,35975.5435714286,37314.8922652136,35975.5435714286
474,38831.5714285714,39280,35290.1397252747,37136.7898399505,35290.1397252747
475,39311.5638742216,39786.2308408889,34821.9388870295,36767.1021674924,34821.9388870295
476,37345.5,37345.5,34458.5572252747,36223.6467523442,34458.5572252747
477,35089.5674313384,35004.5322874939,34051.7742577223,35541.7207143546,34051.7742577223
478,33788.5,33788.5,33391.9259752747,34756.6211733724,33391.9259752747
479,33139.3333333333,33025,32459.3259752747,33903.6452492465,32459.3259752747
480,30971.0666666667,30758,31753.1926419414,33018.0900618256,31753.1926419414
481,32401,32401,31011.2826419414,32135.2527309587,31011.2826419414
482,31211,31211,30417.7326419414,31284.3601294011,30417.7326419414
483,32933,32933,29763.1201419414,30470.3581415356,29763.1201419414
484,31950.4489855688,30356.6168108823,29443.0824084369,29692.1224046513,29443.0824084369
485,28733.3210009218,25360.1965006437,29325.0570236232,28948.5285560375,29325.0570236232
486,26478,23501,29080.4138919414,28238.4522329835,29080.4138919414
487,27728.5,27728.5,28498.3438919414,27560.7690727785,28498.3438919414
488,30232.9230769231,30456,27763.3930982906,26914.3547127119,27763.3930982906
489,26838.1,25653,27015.7680982906,26298.0847900728,27015.7680982906
490,23841.5335828261,22403.9964101061,26696.610264674,25712.8652695319,26696.610264674
491,22636.7324906682,21912.7911267871,26631.1998162247,25167.7234252853,26631.1998162247
492,22267,22267,26455.4630982906,24673.7168589105,26455.4630982906
493,22165,22165,25968.3526816239,24241.9031719849,25968.3526816239
494,22576.3333333333,22262,25470.3493482906,23883.339966086,25470.3493482906
495,22815.8,22832,24928.9493482906,23609.0848427912,24928.9493482906
496,25338,25338,24437.8993482906,23430.1954036781,24437.8993482906
497,25187.75,25232.5,23839.1493482906,23350.8545351047,23839.1493482906
498,23396,23396,23511.070776862,23347.746262552,23511.070776862
499,24322.5,24322.5,23119.808276862,23390.6798962816,23119.808276862
500,24132.5555555556,24025,22555.1121230159,23449.4647465551,22555.1121230159
501,23407.7690848213,22990.5666978292,22277.4806645583,23493.9101236342,22277.4806645583
502,22775.0686370907,22079.5086607404,22234.2178202769,23493.8253377804,22234.2178202769
503,22393,21759,22202.9714087302,23419.0196992555,22202.9714087302
504,22582.4,22451,22025.2714087302,23247.5696109484,22025.2714087302
505,23397.125,23613.5,21793.1880753968,22990.6198462587,21793.1880753968
506,22491.0337906138,22692.1845606264,21622.491307594,22667.5822712132,21622.491307594
507,21011,21011,21543.0464087302,22297.8687518388,21543.0464087302
508,20685.9694143573,20513.7492809632,21540.3737365913,21900.8911541623,21540.3737365913
509,21164.0169957008,20962.2915501165,21503.5300972216,21496.0613442107,21503.5300972216
510,21573,21573,21297.4564087302,21102.7911880107,21297.4564087302
511,21390,21668,20870.1064087302,20740.4925515894,20870.1064087302
512,20958,20933.5,20442.5389087302,20422.2310497852,20442.5389087302
513,19916.4285714286,19686,20052.6389087302,20135.6872926835,20052.6389087302
514,19903.25,19634,19615.3139087302,19862.1956391811,19615.3139087302
515,18939,18939,19219.2111309524,19583.0904481749,19219.2111309524
516,19795.2857142857,19839,18886.3361309524,19279.7060785619,18886.3361309524
517,18713,18713,18569.4327976191,18938.9391155514,18569.4327976191
518,17808.7509583056,17573.7657630327,18324.7761252443,18569.9350496016,18324.7761252443
519,17523.3333333333,17119,18173.426547619,18187.4015974835,18173.426547619
520,17409.2857256793,17163.4096995741,18085.8233412553,17806.0464759677,18085.8233412553
521,17573.5,17573.5,17900.3098809524,17440.577401825,17900.3098809524
522,17904,17975,17556.4598809524,17105.7020918262,17556.4598809524
523,17390.4598685892,17464.1351548783,17376.950741145,16816.128262742,17376.950741145
524,16791,16825,17203.0598809524,16586.5636313431,17203.0598809524
525,16636.4,16610,16853.5473809524,16424.4967095585,16853.5473809524
526,15598,15598,16550.1426190476,16308.5391899499,16550.1426190476
527,15576,15576,16232.9729761905,16210.0835602371,16232.9729761905
528,16210.5,16210.5,15967.0951984127,16100.5223081399,15967.0951984127
529,15735.5,15745,15685.3809126984,15951.2479213781,15685.3809126984
530,16244.3333333333,16306,15425.6809126984,15741.7881222464,15425.6809126984
531,15477,15555,15250.0975793651,15484.211571339,15250.0975793651
532,15548.6666666667,15665,15074.2059126984,15198.7221638247,15074.2059126984
533,15250.5907757308,15336.8705777139,14935.0859525537,14905.5237948724,14935.0859525537
534,14696,14696,14835.8559126984,14624.8203596513,14835.8559126984
535,14482.1016904431,14409.0191199454,14749.2480940804,14376.8157533301,14749.2480940804
536,14322,14322,14608.6559126984,14181.7138710779,14608.6559126984
537,13967.75,14132.5,14389.2859126984,14053.0887738123,14389.2859126984
538,13848.3333333333,13769,14223.6359126984,13977.9951854465,14223.6359126984
539,13559.8571428571,13365,14083.9525793651,13936.8579956423,14083.9525793651
540,13621.4444444444,13461,13902.9150793651,13910.1020940615,13902.9150793651
541,14111.1835048225,14043.1811091303,13800.2996653164,13878.1523703661,13800.2996653164
542,14161,14161,13675.1650793651,13821.4337142179,13675.1650793651
543,13519,13519,13442.0150793651,13724.1469036117,13442.0150793651
544,14011.6666666667,14047,13265.6222222222,13585.5962698748,13265.6222222222
545,14055.6666666667,14137,13068.7722222222,13408.8620326671,13068.7722222222
546,13137,13137,12921.1722222222,13197.024411649,12921.1722222222
547,12247,12247,12801.1722222222,12953.1636264805,12801.1722222222
548,12249,12249,12697.5722222222,12683.8968919518,12697.5722222222
549,12285,12285,12586.1638888889,12409.9894033736,12586.1638888889
550,12782.3333333333,12458,12490.196031746,12155.7433511863,12490.196031746
551,12589.75,12729.5,12370.3071428571,11945.4609258306,12370.3071428571
552,11180.5,11180.5,12209.0071428571,11803.4443177472,12209.0071428571
553,11581.3333333333,11380,12099.9571428571,11744.8082759812,12099.9571428571
554,11949.1428571429,12002,11963.0880952381,11747.9177839959,11963.0880952381
555,11611.6666666667,11810,11737.0297619048,11781.9503838593,11737.0297619048
556,11744,11744,11573.9172619048,11816.0836176393,11573.9172619048
557,11922,11922,11495.431547619,11819.4950274038,11495.431547619
558,11895.75,11965,11321.506547619,11768.5790898396,11321.506547619
559,11620.1666666667,11653.5,11152.656547619,11668.598020109,11152.656547619
560,11640.5,11640.5,10950.6098809524,11532.0309679933,10950.6098809524
561,11223.6666666667,11063,10741.414047619,11371.3570832738,10741.414047619
562,10935,10935,10571.689047619,11199.0555157318,10571.689047619
563,11338,11338,10347.6057142857,11023.5880453796,10347.6057142857
564,11274.2857142857,11313,10117.0135714286,10837.3469731544,10117.0135714286
565,10362.8158595515,10359.1720044601,10013.0954370756,10628.7072302242,10013.0954370756
566,9534.5,9534.5,9910.28023809524,10386.0437477574,9910.28023809524
567,9874.75,9997,9683.75523809524,10097.7314569221,9683.75523809524
568,10677.2857142857,10705,9448.20523809524,9752.14528888654,9448.20523809524
569,8770.5,8770.5,9208.86773809524,9345.769109854,9208.86773809524
570,8908,8872,8993.2594047619,8907.52252616804,8993.2594047619
571,8741.4,8788,8779.4844047619,8474.43407920742,8779.4844047619
572,8405.83333333333,8424,8576.34392857143,8083.53231035073,8576.34392857143
573,7786,7786,8368.49392857143,7771.84576097674,8368.49392857143
574,7261.77766148892,7215.61313829719,8274.14584676557,7565.87867275045,8274.14584676557
575,7099.66666666667,7075,8125.82892857143,7450.03808848243,8125.82892857143
576,7337.3,7434.5,7808.16464285714,7398.20675126963,7808.16464285714
577,7477,7519,7598.38964285714,7384.26740420897,7598.38964285714
578,7213.5,7213.5,7341.50214285714,7382.10279039741,7341.50214285714
579,7211,7211,7056.80452380952,7365.59565293186,7056.80452380952
580,7109,7109,6865.42952380952,7313.23633352898,6865.42952380952
581,7158.60100319318,7159.9271813876,6773.66402165038,7221.94556838416,6773.66402165038
582,7308,7323,6669.82952380953,7093.25169231254,6669.82952380953
583,7365,7475,6474.34702380953,6928.68304012924,6474.34702380953
584,7160.85714285714,7452,6286.67202380952,6729.76794664933,6286.67202380952
585,6778,6778,6119.24202380953,6498.03474668798,6119.24202380953
586,6484.7,6556.5,5992.77535714286,6237.05500487751,5992.77535714286
587,4921,4914,5813.26035714286,5958.57320511929,5813.26035714286
588,5339,5368,5622.61035714286,5676.37706113185,5622.61035714286
589,5246.96520449689,5280.09622785427,5508.71814746832,5404.25428663381,5508.71814746832
590,4737,4737,5445.28535714286,5155.99259534374,5445.28535714286
591,4771.16925672872,4766.29566052218,5378.52941266304,4945.37970098019,5378.52941266304
592,4983.33333333333,4985,5267.26035714286,4786.20331726175,5267.26035714286
593,4943,4943,5094.63535714286,4686.2965886789,5094.63535714286
594,4996,5000,4908.83535714286,4629.67438280972,4908.83535714286
595,4831.75,4823.5,4709.00535714286,4594.39699800418,4709.00535714286
596,4652.33333333333,4768,4515.4,4558.52473261225,4515.4
597,4437.4,4562,4348.25,4500.11788498391,4348.25
598,4570.33333333333,4754.5,4170.665,4397.23675346914,4170.665
599,3747,3747,4075.60666666667,4236.00569735568,4075.60666666667
600,3664,3664,3962.42095238095,4034.80531968224,3962.42095238095
601,3667,3667,3874.77095238095,3820.08028442539,3874.77095238095
602,3650.5,3650.5,3751.72928571429,3618.27525556159,3751.72928571429
603,3656.5,3656.5,3633.14595238095,3455.83489706738,3633.14595238095
604,3592,3595,3516.31023809524,3351.55616564372,3516.31023809524
605,3368.4,3548,3405.45607142857,3293.64518888952,3405.45607142857
606,3288.75,3252,3288.7294047619,3262.66038712816,3288.7294047619
607,3435,3435,3185.59273809524,3239.16018068298,3185.59273809524
608,2933,2933,3072.21607142857,3203.70298987738,3072.21607142857
609,3019.83333333333,3028,2993.78273809524,3141.45322154483,2993.78273809524
610,3075.28571428571,3125,2924.36607142857,3055.99922855922,2924.36607142857
611,2984,2984,2844.36607142857,2955.53535030458,2844.36607142857
612,2804.68705069259,2778.48973635572,2808.02790890027,2848.25592616491,2808.02790890027
613,2618.46908427779,2603.13828204431,2793.10141733129,2742.35529552423,2793.10141733129
614,2522.5,2522.5,2752.14107142857,2646.02779776656,2752.14107142857
615,2571.33333333333,2571,2659.64107142857,2567.46777227589,2659.64107142857
616,2659.28571428571,2699,2566.79107142857,2511.69423375599,2566.79107142857
617,2614.66666666667,2758,2495.58773809524,2471.02489818962,2495.58773809524
618,2317.8,2319,2425.37523809524,2434.60215687928,2425.37523809524
619,2374.66666666667,2359,2337.15023809524,2391.56840112748,2337.15023809524
620,2302.8,2376,2275.00023809524,2331.06602223671,2275.00023809524
621,2178.33333333333,2184.5,2200.99190476191,2246.00747279883,2200.99190476191
622,2275.66666666667,2277,2125.97761904762,2144.38545056299,2125.97761904762
623,2067,2067,2059.20886904762,2037.96271456769,2059.20886904762
624,1806,1806,2002.58386904762,1938.50202385144,2002.58386904762
625,1806.5,1806.5,1947.70053571429,1857.76613745271,1947.70053571429
626,1735,1735,1881.79875,1804.10351137226,1881.79875
627,1944.33333333333,1909,1815.27255952381,1772.20538945972,1815.27255952381
628,1884.5,1950,1761.21589285714,1753.34871252699,1761.21589285714
629,1670.5,1670.5,1701.38255952381,1738.81042138593,1701.38255952381
630,1690,1686.5,1644.45922619048,1719.86745684845,1644.45922619048
631,1629.57661819509,1623.95032261894,1618.85504514081,1689.70936477141,1618.85504514081
632,1539.66666666667,1525,1593.26755952381,1649.17611119165,1593.26755952381
633,1575,1575,1537.06994047619,1601.02026719103,1537.06994047619
634,1648.625,1671.5,1485.46994047619,1547.99440385138,1485.46994047619
635,1505.39742127894,1513.94497640542,1464.18441640358,1492.85109225454,1464.18441640358
636,1390,1380,1448.77994047619,1438.34290348236,1448.77994047619
637,1473.66666666667,1473,1414.54244047619,1387.22240861667,1414.54244047619
638,1341.25,1338,1373.44244047619,1341.66440596434,1373.44244047619
639,1284.14285714286,1280,1321.37577380952,1301.5326027324,1321.37577380952
640,1236.66666666667,1237.5,1273.53077380952,1266.11293335287,1273.53077380952
641,1197.73506482379,1199.36135482894,1248.63114120548,1234.69133225781,1248.63114120548
642,1178,1178,1236.05577380952,1206.55373387924,1236.05577380952
643,1172.44720974513,1172.50103481753,1219.93323886944,1180.98607264922,1219.93323886944
644,1164.33333333333,1165,1193.85577380952,1157.27428299979,1193.85577380952
645,1154.5,1154.5,1157.44744047619,1134.6044655662,1157.44744047619
646,1151.71428571429,1149,1119.22244047619,1111.76338579663,1119.22244047619
647,1035,1034,1077.79119047619,1087.43797534247,1077.79119047619
648,1072.2,1098,1049.14119047619,1060.3151658551,1049.14119047619
649,1121.75,1138.5,1013.89785714286,1029.08188898591,1013.89785714286
650,913,913,986.393690476191,993.126595474691,986.393690476191
651,903,898,958.136547619048,954.643812414785,958.136547619048
652,927.6,939,933.121964285714,916.52958598793,933.121964285714
653,921,921,913.796964285714,881.679962375875,913.796964285714
654,846,846,892.255297619048,852.990987760353,892.255297619048
655,811.587228623763,812.605532530953,881.095885457246,832.517316398836,881.095885457246
656,811.5,811.5,868.280297619048,818.948034851686,868.280297619048
657,810.5,810.5,843.232083333333,810.130837754994,843.232083333333
658,820,817,824.265416666667,803.913419744846,824.265416666667
659,817,818,802.805416666667,798.143475457333,802.805416666667
660,768.8,814,777.567916666667,790.668699528544,777.567916666667
661,791.166666666667,809.5,762.817916666667,779.843803841389,762.817916666667
662,719,719,748.759583333333,766.051569266064,748.759583333333
663,736.375,729.5,732.104583333333,750.181793919583,732.104583333333
664,791.5,791.5,716.129583333333,733.124275918966,716.129583333333
665,733.5,733.5,704.154583333333,715.768813381226,704.154583333333
666,675,675,692.554583333333,698.881603810144,692.554583333333
667,651.500979010844,648.790303984666,685.574044768025,682.734442256544,685.574044768025
668,650.75,647.5,677.112916666667,667.475523158016,677.112916666667
669,655.666666666667,657,661.287916666667,653.253040952151,661.287916666667
670,643,643,645.737916666667,640.215190076535,645.737916666667
671,617,616.5,633.722916666667,628.51016496876,633.722916666667
672,618,616,619.089583333333,618.14371318812,619.089583333333
673,621.833333333333,630,607.727083333333,608.55179478074,607.727083333333
674,594.5,597,595.80119047619,599.027922914453,595.80119047619
675,601.5,612.5,577.67619047619,588.865610757091,577.67619047619
676,606.5,606.5,562.83119047619,577.358371476486,562.83119047619
677,579.5,579.5,551.349940476191,564.051142238564,551.349940476191
678,501.666666666667,501,539.76244047619,549.494556201638,539.76244047619
679,503.5,503.5,526.745773809524,534.49067052211,526.745773809524
680,506,506,514.429107142857,519.841542356388,514.429107142857
681,528.5,528,503.745773809524,506.349228860876,503.745773809524
682,522.538433597796,521.618226819669,498.798185160989,494.608074141926,498.798185160989
683,498.5,498.5,493.012440476191,484.381570105667,493.012440476191
684,491.75,493.5,480.895773809524,475.225495608174,480.895773809524
685,497.857142857143,498,470.230773809524,466.695629505525,470.230773809524
686,429,429,459.480773809524,458.347750653792,459.480773809524
687,436.6,429,447.043273809524,449.737637909053,447.043273809524
688,445.375,436.5,435.980773809524,440.549166311623,435.980773809524
689,438.419835473852,434.669393820139,431.40499145767,430.978595638787,431.40499145767
690,419,419,428.266190476191,421.350281852067,428.266190476191
691,395.333333333333,394,420.74119047619,411.988580912989,420.74119047619
692,396.666666666667,397,410.757857142857,403.217848783075,410.757857142857
693,403.333333333333,401,400.795357142857,395.36244142385,400.795357142857
694,403.333333333333,403,391.934642857143,388.633383522887,391.934642857143
695,379.5,378.5,382.797142857143,382.788374671951,382.797142857143
696,381.2,378,373.670952380952,377.471783188856,373.670952380952
697,386.5,396.5,367.470952380952,372.327977391415,367.470952380952
698,357.75,351.5,360.490952380952,367.001325597443,360.490952380952
699,358.25,361.5,352.432202380952,361.136196124753,352.432202380952
700,347.375,344,347.357202380952,354.49243956979,347.357202380952
701,353,353,340.790535714286,347.291835643516,340.790535714286
702,337.332076036669,337.894746325978,337.733153364933,339.871646335524,337.733153364933
703,311.473682283449,308.665826744018,336.570863051996,332.569133635406,336.570863051996
704,306.333333333333,303,333.057202380952,325.721559532758,333.057202380952
705,329.25,330.5,324.965535714286,319.66618601717,324.965535714286
706,321.285714285714,322,316.978869047619,314.740275078237,316.978869047619
707,309,308,310.416369047619,311.09183078455,310.416369047619
708,315.333333333333,311,303.273035714286,308.111825520699,303.273035714286
709,305,305,295.848035714286,305.001973750273,295.848035714286
710,297,301,289.510535714286,300.963989936861,289.510535714286
711,284.2,280,283.073035714286,295.199588544051,283.073035714286
712,317.5,325,277.154285714286,287.19466327025,277.154285714286
713,264,264,270.587619047619,277.571824753123,270.587619047619
714,237.573422606429,234.94314441748,268.240840345855,267.237862865154,268.240840345855
715,242,242,266.470952380952,257.099567478827,266.470952380952
716,241.5,241,261.208452380952,248.063728466625,261.208452380952
717,243.6,243,256.281666666667,241.037135701031,256.281666666667
718,248.25,246.5,251.831666666667,236.65182152349,251.831666666667
719,238.333333333333,238,246.615,234.440788151294,246.615
720,238,238,242.815,233.662280270696,242.815
721,235.616831309996,235.487781621847,240.669920951226,233.574542567949,240.669920951226
722,231,231,238.865,233.435819729307,238.865
723,229.5,230,235.5925,232.504356441024,235.5925
724,229,229,229.9775,230.271493135543,229.9775
725,221.666666666667,219,226.9775,227.160953230067,226.9775
726,224,224,225.0275,223.82955588799,225.0275
727,224,224,221.4525,220.934120272707,221.4525
728,222.75,222.5,217.9225,219.131465547609,217.9225
729,220,220,214.3725,218.832354670518,214.3725
730,211,211,211.625833333333,219.463325776951,211.625833333333
731,229,229,208.685833333333,220.204860796854,208.685833333333
732,218,218,205.685833333333,220.237441660172,205.685833333333
733,218.75,225.5,203.210833333333,218.74155029685,203.210833333333
734,213.60128417377,217.619798270068,201.759180202783,215.136212222573,201.759180202783
735,205.2,205,200.423333333333,209.794627295988,200.423333333333
736,204,207,197.9275,203.328538961485,197.9275
737,203,204,194.19,196.349690663452,194.19
738,192.420067936321,193.769769933701,192.52432216426,189.469825846277,192.52432216426
739,178.111662962002,180.930403178414,192.05246083958,183.30068795435,192.05246083958
740,170,170,190.5525,178.454020432058,190.5525
741,173,167,186.865,175.541566723791,186.865
742,177.25,177.5,183.415,174.892720051009,183.415
743,183.4,185,180.515,175.707472743457,180.515
744,179.2,179,176.848333333333,176.903466907953,176.848333333333
745,171,171,173.754583333333,177.398344651316,173.754583333333
746,180,180,170.129583333333,176.109748080363,170.129583333333
747,173.25,172,167.469583333333,172.318877385213,167.469583333333
748,171.75,171.5,164.53625,166.761165089198,164.53625
749,149.25,149.5,161.277916666667,160.53560179895,161.277916666667
750,151.25,150,159.427916666667,154.741178121101,159.427916666667
751,149,149,157.552916666667,150.476884662285,157.552916666667
752,151,151,155.230416666667,148.542073144486,155.230416666667
753,153,153,152.660416666667,148.537539751094,152.660416666667
754,154.154227644012,154.348662480175,151.448551469803,149.764441780853,151.448551469803
755,155.666666666667,156,150.525416666667,151.523936532504,150.525416666667
756,156.125,156,148.762916666667,153.11718130479,148.762916666667
757,149.466545726794,147.521831612923,147.434374335377,153.845333396454,147.434374335377
758,146.25,145.5,146.062916666667,153.009550106239,146.062916666667
759,152,155,143.875416666667,150.167081319109,143.875416666667
760,145.333333333333,141.5,141.704583333333,145.899547264917,141.704583333333
761,137.833333333333,135.5,140.867083333333,141.044660759738,140.867083333333
762,133,133,139.911726190476,136.440134619649,139.911726190476
763,135.5,135.5,139.161726190476,132.923681660724,139.161726190476
764,130.8,131,137.528392857143,131.109705529093,137.528392857143
765,132,132,135.608392857143,130.719373191096,135.608392857143
766,136.5,136.5,133.758392857143,131.25054244313,133.758392857143
767,135.75,138.5,132.052142857143,132.201071081589,132.052142857143
768,129.421318409894,131.445105640656,131.299466751458,133.068816902871,131.299466751458
769,126,126,130.639642857143,133.351637703366,130.639642857143
770,129.5,129.5,129.139642857143,132.681130580387,129.139642857143
771,128.333333333333,128,127.547976190476,131.223849834899,127.547976190476
772,132.5,132.5,126.539642857143,129.280089068781,126.539642857143
773,132.142857142857,133,125.489642857143,127.150141883911,125.489642857143
774,134,134,124.264642857143,125.134301882168,124.264642857143
775,118.333333333333,118,123.224642857143,123.464871031478,123.224642857143
776,114.6,113,121.974642857143,122.102184763943,121.974642857143
777,118.666666666667,117.5,120.349642857143,120.938586877712,120.349642857143
778,122,122,118.899642857143,119.866421170936,118.899642857143
779,118,118,118.059642857143,118.778031441762,118.059642857143
780,122,122,117.009642857143,117.591163717456,117.009642857143
781,113.5,112.5,115.87630952381,116.325172941748,115.87630952381
782,117.666666666667,123,114.40130952381,115.024816287485,114.40130952381
783,119.303535414945,125.983628697797,113.870231566938,113.735075716503,113.870231566938
784,115.821214291578,119.120953608369,113.805929480419,112.500410281231,113.805929480419
785,112,112.5,113.134166666667,111.365122781822,113.134166666667
786,111,112,111.450833333333,110.374874341798,111.450833333333
787,110,110,110.384166666667,109.555608514063,110.384166666667
788,107,107,109.720833333333,108.859895604527,109.720833333333
789,104,104,108.8375,108.221868545715,108.8375
790,106.75,105.5,107.7875,107.57566027015,107.7875
791,109.2,111,106.820833333333,106.855403710358,106.820833333333
792,108.5,108.5,105.670833333333,106.013909357059,105.670833333333
793,113.218699860332,110.791761465769,138.207542779029,118.884242616939,138.207542779029
794,123.988173076402,120.238206110323,202.325881791495,144.463787655527,202.325881791495
795,138.620370367858,134.438209557138,283.820261122424,176.778521762446,283.820261122424
796,154.927242454348,150.990647429686,368.485091523511,209.854422227317,368.485091523511
797,170.72074005552,167.494395351441,442.114783746449,237.717466339762,442.114783746449
798,183.812813891024,181.548328945877,490.503748542931,254.393631389402,490.503748542931
799,192.015414680506,190.751323836466,499.446396664653,253.90889466586,499.446396664653
800,193.140493143615,192.702255646682,454.737138863307,230.289233458757,454.737138863307
53,185,185,342.170385890588,177.560625057714,342.170385890588
55,167,167,187.170385890588,107.180071689368,187.170385890588
57,144,144,123.376123595506,77.1386137596793,123.376123595506
58,118,118,118.175,74.2882945377766,118.175
60,89,89,98.225,80.4765262473112,98.225
62,63,63,85.325,85.9139857179079,85.325
63,43,43,79.1,82.1252011973328,79.1
64,29,29,73.75,71.5421616768676,73.75
66,21,21,65.85,38.188519017012,65.85
67,18,18,58.075,20.8124280570497,58.075
68,17,17,50.775,6.5664987966832,50.775
69,19,19,44.425,-1.85201267437349,44.425
71,22,22,39.225,2.98746147107775,39.225
72,25,25,35.325,12.5721358880846,35.325
73,28,28,32.8416666666667,23.9349960150099,32.8416666666667
74,31,31,31.6916666666667,34.8272124621518,31.6916666666667
75,33,33,31.5416666666667,42.9999558398084,31.5416666666667
76,35,35,32.0916666666667,46.7859610823221,32.0916666666667
78,36,36,33.0166666666667,44.4152904080444,33.0166666666667
79,38.5,38.5,34.0666666666667,40.739727600381,34.0666666666667
80,39,39,35.1333333333333,37.0580885517865,35.1333333333333
81,40,40,36.1333333333333,34.6109298168252,36.1333333333333
82,40,40,37.1,34.3006232372481,37.1
83,40,40,37.95,35.6768018035553,37.95
84,39.3333333333333,39,38.75,37.9509137934338,38.75
85,40,40,39.55,40.3344074845711,39.55
86,40,40,40.2,42.0387311546541,40.2
87,40,40,40.95,42.4853960678334,40.95
88,39.5,39.5,41.7,41.9361654341123,41.7
89,39,39,42.3625,40.8628654499575,42.3625
90,38.3333333333333,38,43.0875,39.7373223118357,43.0875
91,39,39,43.8375,39.0313622162135,43.8375
92,41.3333333333333,41,44.6375,39.109452729996,44.6375
93,42,42,45.4875,39.9066269018415,45.4875
95,44,44,46.4958333333333,42.9689238961084,46.4958333333333
96,47,47,47.5958333333333,44.8893955567233,47.5958333333333
97,46,46,48.8458333333334,46.839648551788,48.8458333333334
99,50,50,50.2458333333334,50.3489847384175,50.2458333333334
