"temp","CO2_av","CO2_med","Moving*","Modelled","CO2_scaled","CO2_prop"
79,308.629801894918,308.629801894918,257.596700120437,318.952665585457,257.596700120437,0.00276989488217483
84,313.753875968992,313.753875968992,245.769695530424,319.431631766266,245.769695530424,0.00264272105009539
85,316.25,316.25,232.572320570042,307.581420091596,232.572320570042,0.00250081185116615
87,270.85,270.85,219.08859640331,268.345582046457,219.08859640331,0.0023558235863917
89,215.166666666667,215.166666666667,205.652549004254,216.435891243904,205.652549004254,0.00221134798204622
91,166.2,166.2,192.217834938533,162.651470496083,192.217834938533,0.00206688671481443
92,131.466666666667,131.466666666667,178.676454206144,138.430962271494,178.676454206144,0.00192127847848731
94,106.466666666667,106.466666666667,164.905578524261,102.08280187855,164.905578524261,0.00177320252077325
95,91.2,91.2,150.794702842377,92.2249225277968,150.794702842377,0.00162147059906781
96,85.4,85.4,136.235555555556,87.4176554872217,136.235555555556,0.0014649184866388
98,87.4,87.4,121.324444444445,88.0343304922181,121.324444444445,0.00130458176518663
99,91.6666666666667,91.6666666666667,109.188888888889,90.9979586155953,109.188888888889,0.00117409013540269
100,94.8666666666667,94.8666666666667,100.47,94.0915712047622,100.47,0.00108033735945372
101,96.8,96.8,94.68,96.2801509607535,94.68,0.00101807844324752
102,97.4666666666667,97.4666666666667,90.8411111111111,97.3092392331301,90.8411111111111,0.000976799503410172
103,96.9666666666667,96.9666666666667,88.29,97.1195170335849,88.29,0.000949367825880055
104,95.3666666666667,95.3666666666667,86.3788888888889,95.6516653738107,86.3788888888889,0.000928817962921954
105,92.5833333333333,92.5833333333333,84.49,92.8983570533501,84.49,0.000908507051858714
106,88.8166666666666,88.8166666666666,82.13,89.0602320231441,82.13,0.000883130360624407
107,84.3833333333333,84.3833333333333,79.21,84.3899220219836,79.21,0.000851732081639587
108,79.35,79.35,75.8722222222222,79.1400587886595,75.8722222222222,0.000815841507031368
109,73.8833333333333,73.8833333333333,72.2788888888889,73.5632740619626,72.2788888888889,0.00077720298563224
110,68.2,68.2,68.5922222222222,67.9031309733215,68.5922222222222,0.000737560866274694
111,62.5333333333333,62.5333333333333,64.9455555555555,62.3669182247161,64.9455555555555,0.000698348860327898
112,57.0666666666667,57.0666666666667,61.4633333333333,57.1528559107637,61.4633333333333,0.000660905098403078
113,52,52,58.3055555555556,52.4591641260819,58.3055555555556,0.000626950034143239
114,47.8666666666667,47.8666666666667,55.6055555555556,48.4840629652883,55.6055555555556,0.000597917378917549
115,44.8,44.8,53.4477777777778,45.3805950209378,53.4477777777778,0.000574715149926483
116,42.9,42.9,51.9211111111111,43.121092877335,51.9211111111111,0.000558299154749488
117,42.1666666666667,42.1666666666667,51.1055555555556,41.6327116167218,51.1055555555556,0.000549529620208066
118,42.2666666666667,42.2666666666667,51.1159259259259,40.8426063213403,51.1159259259259,0.000549641131092335
122,43.1333333333333,43.1333333333333,52.0862962962963,43.2080464369701,52.0862962962963,0.000560075363834627
123,45.2166666666667,45.2166666666667,54.0877777777778,44.8226989768721,54.0877777777778,0.000581596964498499
125,48.3166666666667,48.3166666666667,57.1825925925926,48.9080211268659,57.1825925925926,0.000614874998389563
127,52.0166666666667,52.0166666666667,61.4196296296296,53.891137605221,61.4196296296296,0.000660435159676517
128,56.45,56.45,66.8122222222222,56.6280330555748,66.8122222222222,0.000718420819496276
130,61.65,61.65,73.4737037037037,62.9176181927961,73.4737037037037,0.000790050632512635
131,68.3555555555555,68.3555555555555,81.4996296296296,67.0954521649562,81.4996296296296,0.000876352091873499
132,77.0888888888889,77.0888888888889,90.9133333333333,72.4210591911844,90.9133333333333,0.000977576097068472
134,87.0888888888889,87.0888888888889,101.712222222222,87.8928287609504,101.712222222222,0.00109369477037649
135,98.4222222222222,98.4222222222222,113.781555555556,98.7276094820407,113.781555555556,0.00122347432351374
136,111.422222222222,111.422222222222,127.017555555556,111.970096393912,127.017555555556,0.00136579885113124
137,125.688888888889,125.688888888889,141.428256410256,127.378082493381,141.428256410256,0.00152075474352942
138,142.822222222222,142.822222222222,157.058957264957,144.59205755887,157.058957264957,0.0016888290949555
139,162.555555555556,162.555555555556,173.827435897436,163.252511368805,173.827435897436,0.0018691377833985
140,183.472222222222,183.472222222222,191.551840455841,182.999933701607,191.551840455841,0.00205972538585213
141,205.116666666667,205.116666666667,209.974022792023,203.515767100963,209.974022792023,0.00225781607780442
142,226.256666666667,226.256666666667,228.942871794872,224.645265171604,228.942871794872,0.0024617849863703
143,246.856666666667,246.856666666667,248.285054131054,246.274634283521,248.285054131054,0.00266976828676986
144,268.17717948718,268.17717948718,267.769458689459,268.290080806708,267.769458689459,0.00287928087929653
145,290.910512820513,290.910512820513,287.213863247863,290.577811111157,287.213863247863,0.00308836335841245
146,313.17717948718,313.17717948718,306.207156695157,312.925570731381,306.207156695157,0.00329259511406269
147,334.221623931624,334.221623931624,324.358227920228,334.727261859972,324.358227920228,0.00348777059289766
148,353.421623931624,353.421623931624,341.484854700855,355.278325854044,341.484854700855,0.00367193038937951
149,371.621623931624,371.621623931624,357.463333333334,373.874204070708,357.463333333334,0.00384374433796018
150,388.554957264957,388.554957264957,372.318700854701,389.810337867079,372.318700854701,0.00400348165777454
151,403.688290598291,403.688290598291,386.080735042735,402.577061878249,386.080735042735,0.00415146254436171
152,417.354957264957,417.354957264957,398.642997150997,412.444283851234,398.642997150997,0.00428654247941501
155,427.721623931624,427.721623931624,409.814148148148,429.29694779104,409.814148148148,0.00440666402584997
158,434.821623931624,434.821623931624,419.647521367521,436.786930287042,419.647521367521,0.00451240066821427
159,440.371623931624,440.371623931624,428.290524216524,439.278948688997,428.290524216524,0.00460533745407714
161,444.793846153846,444.793846153846,435.861304843305,444.949672916234,435.861304843305,0.00468674481101294
162,449.087179487179,449.087179487179,442.481863247863,447.940564747997,442.481863247863,0.00475793458492445
164,453.287179487179,453.287179487179,448.289088319088,453.763872864016,448.289088319088,0.00482037871948403
165,456.611111111111,456.611111111111,453.411868945869,456.408475154753,453.411868945869,0.00487546313568187
166,458.477777777778,458.477777777778,457.956871794872,458.808545740798,457.956871794872,0.0049243348026133
167,460.677777777778,460.677777777778,462.164096866097,461.163738304573,462.164096866097,0.00496957440074284
168,463.866666666667,463.866666666667,466.271321937322,463.732418664333,466.271321937322,0.0050137387153455
169,466.983333333333,466.983333333333,470.38188034188,466.772952638335,470.38188034188,0.00505793887273239
170,470.93,470.93,474.566512820513,470.543706044835,474.566512820513,0.00510293553643549
171,475.663333333333,475.663333333333,478.816034188034,475.203422407413,478.816034188034,0.00514862993967158
172,480.53,480.53,483.090740740741,480.512356070934,483.090740740741,0.00519459515505519
173,485.53,485.53,487.385333333333,486.131139085588,487.385333333333,0.00524077420174983
174,490.83,490.83,491.755481481481,491.720403501563,491.755481481481,0.00528776568488701
175,496.43,496.43,496.16562962963,496.94078136905,496.16562962963,0.00533518728143493
176,502.03,502.03,500.577259259259,501.528173420263,500.577259259259,0.00538262480810918
177,507.563333333333,507.563333333333,505.072888888889,505.519555115519,505.072888888889,0.00543096557294601
180,512.83,512.83,509.651185185185,515.040079488998,509.651185185185,0.00548019523883172
181,517.407777777778,517.407777777778,514.23837037037,517.769861183875,514.23837037037,0.00552952048547538
182,521.03,521.03,518.852222222222,520.473053615114,518.852222222222,0.00557913247439287
183,524.03,524.03,523.514962962963,523.30290282804,523.514962962963,0.00562927015747905
184,526.83,526.83,528.257703703704,526.420855248572,528.257703703704,0.00568026806738674
185,530.041111111111,530.041111111111,533.122666666667,529.988357302631,533.122666666667,0.00573258021271617
186,534.417777777778,534.417777777778,538.195037037037,534.166855416139,538.195037037037,0.00578712257573097
187,539.604444444444,539.604444444444,543.565185185185,539.065013450105,543.565185185185,0.00584486689413692
188,544.471111111111,544.471111111111,549.290888888889,544.580365005896,549.290888888889,0.00590643444286066
189,549.737777777778,549.737777777778,555.468444444444,550.557661119968,555.468444444444,0.00597286068011324
190,555.471111111111,555.471111111111,562.224518518519,556.841652828778,562.224518518519,0.0060455076316954
191,561.971111111111,561.971111111111,569.620592592593,563.277091168783,569.620592592593,0.00612503639784957
192,569.404444444444,569.404444444444,577.661111111111,569.778030718222,577.661111111111,0.00621149476895472
193,578.115555555556,578.115555555556,586.220888888889,576.535740222468,586.220888888889,0.00630353664933648
194,588.115555555556,588.115555555556,595.144888888889,583.810791968677,595.144888888889,0.00639949495127502
196,598.715555555556,598.715555555556,604.269777777778,600.955211335607,604.269777777778,0.00649761337834311
197,610.071111111111,610.071111111111,613.594666666667,611.34572353064,613.594666666667,0.00659788237246495
198,622.371111111111,622.371111111111,623.100296296296,623.093251768518,623.100296296296,0.00670009484199833
199,634.971111111111,634.971111111111,632.770370370371,635.445291597686,632.770370370371,0.0068040755555537
200,647.437777777778,647.437777777778,642.556740740741,647.446723218849,642.556740740741,0.0069093067840255
201,658.437777777778,658.437777777778,652.427555555556,658.142426832709,652.427555555556,0.00701544602969778
202,668.277777777778,668.277777777778,662.321333333333,666.799861732899,662.321333333333,0.00712183219232808
203,676.477777777778,676.477777777778,672.616444444445,673.576803584761,672.616444444445,0.00723253382617958
207,684.344444444445,684.344444444445,683.602984126984,689.486735674362,683.602984126984,0.00735067027755978
209,692.322222222222,692.322222222222,695.730264550265,696.047967144247,695.730264550265,0.00748107292620954
210,700.522222222222,700.522222222222,709.146433862434,700.311390889409,709.146433862434,0.00762533478476128
211,708.766666666667,708.766666666667,724.001121693122,705.864827205412,724.001121693122,0.00778506479597372
212,717.466666666667,717.466666666667,740.551365079365,713.726968615523,740.551365079365,0.00796302683676412
213,726.522222222222,726.522222222222,759.079386243386,725.044175196009,759.079386243386,0.00816225559619719
214,742.542222222222,742.542222222222,779.992888888889,740.962807023136,779.992888888889,0.00838713504503735
215,763.513650793651,763.513650793651,803.773058201058,762.629224173173,803.773058201058,0.00864283928831466
216,791.980317460317,791.980317460317,830.637671957672,790.761095204653,830.637671957672,0.00893171005459877
217,823.613650793651,823.613650793651,860.745248677248,824.361322605178,860.745248677248,0.00925545186740635
218,857.791428571429,857.791428571429,894.348380952381,862.00411734462,894.348380952381,0.00961678081327567
219,895.691428571429,895.691428571429,931.785587301587,902.263690392849,931.785587301587,0.0100193369260718
220,936.358095238095,936.358095238095,973.213904761905,943.714252719733,973.213904761905,0.0104648087991851
221,981.980317460318,981.980317460318,1018.68962962963,985.138282848482,1018.68962962963,0.0109538017774158
222,1033.18031746032,1033.18031746032,1067.49602116402,1026.15132951564,1067.49602116402,0.0114786088656484
223,1087.31365079365,1087.31365079365,1119.61622222222,1066.5772090111,1119.61622222222,0.0120390488018026
225,1143.93587301587,1143.93587301587,1175.00901587302,1144.96273164645,1175.00901587302,0.0126346783870068
227,1204.56920634921,1204.56920634921,1234.64492063492,1218.88538107362,1234.64492063492,0.0132759334470158
229,1270.32476190476,1270.32476190476,1300.86410582011,1288.27432199645,1300.86410582011,0.0139879774369446
230,1338.89142857143,1338.89142857143,1374.19884656085,1322.83614407061,1374.19884656085,0.014776533823608
232,1408.6580952381,1408.6580952381,1455.34247619048,1395.83345183671,1455.34247619048,0.0156490579061258
234,1474.6380952381,1474.6380952381,1543.89647619048,1479.51425828295,1543.89647619048,0.0166012644805168
235,1545.31666666667,1545.31666666667,1639.46158730159,1527.95214914065,1639.46158730159,0.0176288603777367
237,1622.87222222222,1622.87222222222,1741.95558730159,1653.63916605198,1741.95558730159,0.0187309614757744
238,1718.15222222222,1718.15222222222,1851.20366137566,1738.80422146312,1851.20366137566,0.0199056880197238
239,1851.07920634921,1851.07920634921,1966.82506878307,1844.12759441626,1966.82506878307,0.0211489459671194
240,1995.71253968254,1995.71253968254,2088.40055026455,1973.56724959016,2088.40055026455,0.0224562270922117
241,2153.51253968254,2153.51253968254,2215.81380952381,2128.59218470765,2215.81380952381,0.0238262808800841
242,2310.29031746032,2310.29031746032,2349.2204021164,2300.71552966785,2349.2204021164,0.0252607799940006
243,2466.65698412698,2466.65698412698,2489.22166137566,2478.96144741395,2489.22166137566,0.0267661904722364
244,2624.72365079365,2624.72365079365,2637.46175661376,2652.35410088913,2637.46175661376,0.028360191796559
245,2782.65698412698,2782.65698412698,2793.31074074074,2809.9176530366,2793.31074074074,0.0300360102496822
246,2938.89031746032,2938.89031746032,2953.43498412698,2943.26068775502,2953.43498412698,0.0317577998613516
247,3093.95698412698,3093.95698412698,3115.28777777778,3054.329472765,3115.28777777778,0.0334981762892694
249,3250.09031746032,3250.09031746032,3280.52501587302,3227.767048364,3280.52501587302,0.0352749450907747
252,3409.75698412698,3409.75698412698,3448.03780952381,3434.13375585141,3448.03780952381,0.0370761825663138
254,3574.65698412698,3574.65698412698,3618.45875132275,3588.70982479001,3618.45875132275,0.0389086908798271
256,3768.9180952381,3768.9180952381,3792.28413756614,3796.7076468097,3792.28413756614,0.0407778066236333
257,3960.60698412699,3960.60698412699,3969.87396825397,3928.37150833516,3969.87396825397,0.042687400818429
258,4120.01587301587,4120.01587301587,4151.81491005291,4082.05630271916,4151.81491005291,0.0446437817942386
259,4278.87111111111,4278.87111111111,4339.16696296296,4260.44525434778,4339.16696296296,0.046658347556447
260,4474.27111111111,4474.27111111111,4532.83012698413,4463.88357027021,4532.83012698413,0.0487407756567962
261,4666.20444444444,4666.20444444444,4733.58662433862,4683.36438818803,4733.58662433862,0.0508994772019851
262,4866.60444444444,4866.60444444444,4942.53423280423,4907.54282846594,4942.53423280423,0.0531462564156201
263,5074.03777777778,5074.03777777778,5160.63295238095,5125.07401146861,5160.63295238095,0.0554914360195591
264,5288.57111111111,5288.57111111111,5385.44463492063,5324.61305756075,5385.44463492063,0.0579087990084042
265,5511.77111111111,5511.77111111111,5620.54965079365,5498.57176408319,5620.54965079365,0.0604368445149492
266,5749.17111111111,5749.17111111111,5868.91925925926,5654.38863628137,5868.91925925926,0.0631075220005498
268,5998.90444444444,5998.90444444444,6131.9322962963,5956.37760659137,6131.9322962963,0.065935657861349
270,6261.43777777778,6261.43777777778,6405.16311111111,6320.14142626351,6405.16311111111,0.0688736638034056
271,6543.97111111111,6543.97111111111,6689.56281481481,6553.17686016438,6689.56281481481,0.0719317669678197
272,6846.13777777778,6846.13777777778,6985.35807407407,6831.60908999022,6985.35807407407,0.0751124046639188
273,7141.09333333333,7141.09333333333,7292.93333333333,7148.47098256087,7292.93333333333,0.0784197107594841
274,7487.18222222222,7487.18222222222,7612.75748148148,7493.16294161581,7612.75748148148,0.081858727139497
275,7845.56,7845.56,7945.26607407407,7855.08537089449,7945.26607407407,0.0854341372610971
276,8224.06666666667,8224.06666666667,8290.188,8223.63867413642,8290.188,0.0891430259111668
277,8572.73333333333,8572.73333333333,8648.32325925926,8589.10331456712,8648.32325925926,0.0929939953579213
278,8932.2,8932.2,9021.34074074074,8945.27999335638,9021.34074074074,0.0970049908886646
279,9303.53333333333,9303.53333333333,9409.91377777777,9286.84947116004,9409.91377777777,0.101183252745811
280,9687.66666666667,9687.66666666667,9815.68311111111,9608.49250863394,9815.68311111111,0.105546423544265
282,10085.9333333333,10085.9333333333,10254.5468359788,10170.7223052159,10254.5468359788,0.110265452883208
283,10499.4,10499.4,10720.8153015873,10404.2748170763,10720.8153015873,0.11527916088492
286,10923,10923,11230.303026455,11052.6888954897,11230.303026455,0.120757598461885
287,11370.9333333333,11370.9333333333,11780.4147513227,11305.7662669065,11780.4147513227,0.126672859218809
289,11856.7,11856.7,12374.4731428571,11965.1669234619,12374.4731428571,0.133060671243011
290,12372.5666666667,12372.5666666667,13013.1537566138,12404.3430639052,13013.1537566138,0.139928298672095
291,12932.6777777778,12932.6777777778,13697.1943703704,12939.5275806124,13697.1943703704,0.147283674708971
292,13724.0492063492,13724.0492063492,14427.4838730159,13588.4699631061,14427.4838730159,0.155136357429433
293,14481.2092063492,14481.2092063492,15205.0667089947,14368.9197009088,15205.0667089947,0.163497577572539
294,15487.8758730159,15487.8758730159,16031.1873227513,15298.626283543,16031.1873227513,0.172380716444403
295,16475.7425396825,16475.7425396825,16907.7079365079,16380.2792402195,16907.7079365079,0.181805798213812
296,17483.6092063492,17483.6092063492,17837.272994709,17556.3282589029,17837.272994709,0.191801258156257
297,18512.4092063492,18512.4092063492,18830.001015873,18754.1630672458,18830.001015873,0.202475899034529
298,19564.1425396825,19564.1425396825,19887.6194074074,19901.1733929012,19887.6194074074,0.213848295375924
299,20642.0092063492,20642.0092063492,21004.102984127,20924.7489635218,21004.102984127,0.225853659356681
300,21749.6758730159,21749.6758730159,22157.3325925926,21772.2003055843,22157.3325925926,0.238254147363585
301,22891.2092063492,22891.2092063492,23352.3030899471,22470.5211408615,23352.3030899471,0.251103468272683
303,24070.8092063492,24070.8092063492,24560.1269206349,23607.4293734464,24560.1269206349,0.264090998957768
306,25314.4092063492,25314.4092063492,25783.872973545,25367.1759363497,25783.872973545,0.277249738675523
308,26747.6203174603,26747.6203174603,27026.0145820106,27123.9325279301,27026.0145820106,0.290606282771843
309,28236.8425396825,28236.8425396825,28292.1176719577,28296.9834643575,28292.1176719577,0.30422048073133
310,29679.9314285714,29679.9314285714,29586.7985396825,29616.2430630927,29586.7985396825,0.318141970827609
311,31022.4933333333,31022.4933333333,30910.1371851852,31001.7343284558,30910.1371851852,0.332371613287501
312,32405.7666666667,32405.7666666667,32262.0269417989,32373.4802647668,32262.0269417989,0.346908261141912
313,33605.2333333333,33605.2333333333,33642.0989206349,33670.6735954041,33642.0989206349,0.361747947789386
314,34831.9333333333,34831.9333333333,35049.7086772487,34909.1859199806,35049.7086772487,0.376883743624973
315,36115.7333333333,36115.7333333333,36483.533989418,36124.0585571672,36483.533989418,0.392301431010928
316,37503.9555555556,37503.9555555556,37928.7867089947,37350.3328256354,37928.7867089947,0.407841995426284
317,38984.3555555556,38984.3555555556,39421.1686878307,38623.0500440562,39421.1686878307,0.423889333002794
318,40492.0888888889,40492.0888888889,40963.5380740741,39966.4848721162,40963.5380740741,0.44047417693667
320,42028.0222222222,42028.0222222222,42571.43,42779.5727931604,42571.43,0.457763573946143
321,43592.2888888889,43592.2888888889,44264.2703703704,44190.1086156711,44264.2703703704,0.475966407585066
322,45184.9555555556,45184.9555555556,46052.532962963,45563.8941658583,46052.532962963,0.495195300660525
323,46821.7888888889,46821.7888888889,47931.9377777778,46871.3708084854,47931.9377777778,0.515404231037569
324,48426.4111111111,48426.4111111111,49893.8403703704,48100.2427290323,49893.8403703704,0.536500246429098
325,50622.5722222222,50622.5722222222,51924.1777777778,49307.2653958461,51924.1777777778,0.558332130110979
328,52815.4722222222,52815.4722222222,54011.1462962963,53537.4207645299,54011.1462962963,0.580772958801726
329,55140.8722222222,55140.8722222222,56167.6137037037,55397.2293070519,56167.6137037037,0.603961097596058
330,57798.3722222222,57798.3722222222,58400.6188888889,57605.2800411609,58400.6188888889,0.627972234506672
331,60429.1722222222,60429.1722222222,60703.0485185185,60187.2480418358,60703.0485185185,0.652729881032024
332,63023.0055555556,63023.0055555556,63084.4722222222,62975.4355277153,63084.4722222222,0.678336937823104
333,65544.2722222222,65544.2722222222,65542.0514814815,65753.801503353,65542.0514814815,0.704762882757874
334,67959.0166666667,67959.0166666667,68062.7448148148,68306.3049733024,68062.7448148148,0.731867482934304
335,70288.8833333333,70288.8833333333,70557.6151851852,70467.3443216845,70557.6151851852,0.758694413043842
336,72839.1,72839.1,73021.2277777778,72273.0754508886,73021.2277777778,0.785185233418067
338,75523.1,75523.1,75419.7603703704,75164.9941795902,75419.7603703704,0.810976259273001
341,78128.7333333333,78128.7333333333,77694.5618518519,79002.9426777269,77694.5618518519,0.835436824872534
342,80906.3111111111,80906.3111111111,79834.0255555556,80495.3254129553,79834.0255555556,0.858442125641981
344,83685.4777777778,83685.4777777778,81827.9759259259,84066.7397651265,81827.9759259259,0.879882745508685
345,86236.8111111111,86236.8111111111,83658.272962963,85971.7432832575,83658.272962963,0.899563628040869
346,88045.6277777778,88045.6277777778,85326.4550370371,87819.2154082273,85326.4550370371,0.91750131508171
347,89769.6611111111,89769.6611111111,86827.8593333333,89506.3594241427,86827.8593333333,0.933645668151613
348,91118.8611111111,91118.8611111111,88124.8169629629,90930.3786151102,88124.8169629629,0.9475916398936
349,91920.3944444444,91920.3944444444,89194.099037037,92011.9922755302,89194.099037037,0.959089453891971
350,92521.1277777778,92521.1277777778,90040.7988888889,92765.9837409783,90040.7988888889,0.96819387792103
351,92932.2611111111,92932.2611111111,90636.6083703703,93230.6523573239,90636.6083703703,0.974600519126974
354,92998.7277777778,92998.7277777778,90972.3667407407,93271.7145704405,90972.3667407407,0.978210873573678
355,92981.7477777778,92981.7477777778,91065.7184444444,92962.0852490708,91065.7184444444,0.979214669065663
356,92809.9477777778,92809.9477777778,90969.7223703703,92547.6822713811,90969.7223703703,0.978182439094696
357,92293.4644444444,92293.4644444444,90693.327037037,92032.0673004167,90693.327037037,0.975210405606305
358,91562.3311111111,91562.3311111111,90263.8783703704,91411.8544626582,90263.8783703704,0.970592614837243
359,90829.2311111111,90829.2311111111,89725.0963703704,90683.6578845861,89725.0963703704,0.964799180745463
360,89843.4533333333,89843.4533333333,89098.0654814815,89844.0916926807,89098.0654814815,0.958056820888808
361,88721.8533333333,88721.8533333333,88402.6301481481,88899.2500011763,88402.6301481481,0.95057891930939
362,87637.0866666667,87637.0866666667,87679.4748148148,87893.1468753215,87679.4748148148,0.942802949136321
363,86605.6866666667,86605.6866666667,86933.4523703704,86879.2763681184,86933.4523703704,0.934781092684402
364,85623.7311111111,85623.7311111111,86176.8165925926,85911.1325325693,86176.8165925926,0.926645112807497
366,84677.1311111111,84677.1311111111,85429.6152592592,84252.4127673949,85429.6152592592,0.918610579957555
367,83838.6644444444,83838.6644444444,84704.8776296296,83567.6410023347,84704.8776296296,0.910817595613066
368,83115.6644444444,83115.6644444444,84000.2622222222,82976.998398582,84000.2622222222,0.903240982209374
369,82500.7311111111,82500.7311111111,83331.7231111111,82478.7877683537,83331.7231111111,0.896052291276864
370,82151.3977777778,82151.3977777778,82709.5395555556,82071.3119238671,82709.5395555556,0.889362053997035
371,81791.4111111111,81791.4111111111,82128.956,81749.8496132544,82128.956,0.883119134664387
372,81460.4111111111,81460.4111111111,81582.2257777778,81497.5833283088,81582.2257777778,0.877240234648371
373,81085.4444444444,81085.4444444444,81061.8940740741,81294.6714967384,81061.8940740741,0.871645193553324
374,80691.2666666667,80691.2666666667,80531.4401481481,81121.2725462517,80531.4401481481,0.865941309870168
378,80260,80260,80000.2651111111,80325.9741093076,80000.2651111111,0.860229672198024
380,79815.3666666667,79815.3666666667,79467.0195978836,79624.5305196091,79467.0195978836,0.854495771036476
381,79389.1,79389.1,78907.2718624338,79185.3046144477,78907.2718624338,0.848476895845116
382,78928.3333333333,78928.3333333333,78306.4663492063,78695.6297612115,78306.4663492063,0.842016533132809
383,78404.7333333333,78404.7333333333,77668.8999470899,78161.9213040006,77668.8999470899,0.835160886637946
384,77818.7555555555,77818.7555555555,76997.9024338624,77590.594586915,76997.9024338624,0.827945760912454
385,76720.3222222222,76720.3222222222,76303.1849206349,76987.4360002831,76303.1849206349,0.820475577934387
386,75871.0388888889,75871.0388888889,75588.0555555556,76355.7161193473,75588.0555555556,0.812785909675825
387,75116.9817460317,75116.9817460317,74857.8684126984,75698.0765655784,74857.8684126984,0.804934327613305
390,74104.5150793651,74104.5150793651,74114.9923809524,73596.0560819803,74114.9923809524,0.79694630401882
391,73139.3150793651,73139.3150793651,73356.3474603175,72863.225224797,73356.3474603175,0.78878872015974
392,72227.9150793651,72227.9150793651,72584.0225396825,72130.1098413976,72584.0225396825,0.780484037514184
393,71395.4484126984,71395.4484126984,71803.4265079365,71411.7785925163,71803.4265079365,0.77209041697336
394,70664.6817460317,70664.6817460317,71020.5645502645,70723.3001388869,71020.5645502645,0.763672431304324
395,69964.3261904762,69964.3261904762,70300.1840740741,70079.7431412436,70300.1840740741,0.755926298713007
396,69307.1928571429,69307.1928571429,69596.9361904762,69492.7488966281,69596.9361904762,0.748364390067565
397,68672.2261904762,68672.2261904762,68900.4633333333,68960.2492473128,68900.4633333333,0.740875332165535
400,68009.4261904762,68009.4261904762,68244.746031746,67634.7626569719,68244.746031746,0.733824512038682
402,67343.4595238095,67343.4595238095,67626.9220634921,66922.8266805512,67626.9220634921,0.727181152682947
403,66695.7928571428,66695.7928571428,67043.1336507937,66601.8886532236,67043.1336507937,0.720903772049382
404,66075.8261904762,66075.8261904762,66487.3007936508,66296.9389436833,66487.3007936508,0.714926992899553
405,65914.6150793651,65914.6150793651,65951.3768253968,66002.2938926354,65951.3768253968,0.70916429075233
406,65322.3206349206,65322.3206349206,65431.3787830688,65712.2322132104,65431.3787830688,0.703572837463092
409,64669.8888888889,64669.8888888889,64922.2074074074,64812.3345359747,64922.2074074074,0.69809780153703
411,64268.7555555556,64268.7555555556,64416.2012169312,64130.4293499868,64416.2012169312,0.69265680032586
412,63871.9555555556,63871.9555555556,63912.6288042328,63750.6156096531,63912.6288042328,0.687241969126214
413,63471.0888888889,63471.0888888889,63412.4741693122,63352.7046345666,63412.4741693122,0.681863888727999
414,63057.9555555555,63057.9555555555,62908.5106455027,62948.34353957,62908.5106455027,0.676444851975005
415,62625.8222222222,62625.8222222222,62399.7826772487,62549.1794395059,62399.7826772487,0.670974583935751
416,62164.3555555556,62164.3555555556,61859.7428571429,62166.8594492169,61859.7428571429,0.665167624711575
417,61669.6222222222,61669.6222222222,61329.1522962963,61810.2845388373,61329.1522962963,0.659462271815626
419,61082.1333333333,61082.1333333333,60808.4075555556,61163.2893782979,60808.4075555556,0.65386278940136
421,60455.84,60455.84,60278.6161481481,60572.3020753283,60278.6161481481,0.648166029670696
423,59841.14,59841.14,59733.9158518518,59998.6846026607,59733.9158518518,0.64230895711377
427,59136.34,59136.34,59171.1,58772.7542108321,59171.1,0.636257090972152
428,58444.9066666667,58444.9066666667,58587.8263703704,58433.4530692892,58587.8263703704,0.629985245716125
430,57814.0177777778,57814.0177777778,57983.8131851852,57697.2443414504,57983.8131851852,0.623490391435661
431,57363.4622222222,57363.4622222222,57361.4577777778,57295.129843026,57361.4577777778,0.616798306261178
432,56858.7177777778,56858.7177777778,56725.1068148148,56866.8706468458,56725.1068148148,0.609955729183312
433,56321.8844444444,56321.8844444444,56087.1465925926,56411.013576119,56087.1465925926,0.603095848005726
434,55701.4511111111,55701.4511111111,55454.6221481481,55930.7065711483,55454.6221481481,0.596294416851142
435,55028.8511111111,55028.8511111111,54827.4021481481,55430.2478515102,54827.4021481481,0.589550023513862
438,54308.8511111111,54308.8511111111,54219.5688148148,53850.9436003529,54219.5688148148,0.583014091809659
439,53565.6244444444,53565.6244444444,53631.9154814815,53312.8602178071,53631.9154814815,0.576695152321179
440,52829.0244444444,52829.0244444444,53062.036962963,52776.3594824613,53062.036962963,0.570567342488337
441,52124.3577777778,52124.3577777778,52499.3732592592,52246.9559338239,52499.3732592592,0.564517112370693
442,51512.73,51512.73,51950.1925185185,51730.4073753894,51950.1925185185,0.558611862332724
443,50967.9733333333,50967.9733333333,51420.6028888889,51232.4716106523,51420.6028888889,0.552917272285266
445,50432.84,50432.84,50909.356962963,50315.4696762492,50909.356962963,0.547419929061952
446,50018.84,50018.84,50417.4848148148,49908.0189453406,50417.4848148148,0.542130908879618
447,49630.1066666667,49630.1066666667,49940.986,49542.8112127185,49940.986,0.537007195618148
448,49265.84,49265.84,49480.8151851852,49226.203272488,49480.8151851852,0.532059054650946
449,48923.5066666667,48923.5066666667,49034.271037037,48964.5519187544,49034.271037037,0.527257438985675
452,48621.0066666667,48621.0066666667,48595.398,48473.4818503327,48595.398,0.522538309514509
454,48378.04,48378.04,48153.6012592593,48242.8379113423,48153.6012592593,0.517787741939042
455,48032.7622222222,48032.7622222222,47699.3782962963,48109.3248446475,47699.3782962963,0.512903557243007
456,47650.7688888889,47650.7688888889,47229.142,47942.7013001811,47229.142,0.507847183811535
457,47161.3688888889,47161.3688888889,46731.6034814815,47727.229968214,46731.6034814815,0.502497234082035
461,46663.0622222222,46663.0622222222,46203.1773439153,46334.7315816517,46203.1773439153,0.496815154873072
462,46130.8622222222,46130.8622222222,45647.5456507937,45898.794036003,45647.5456507937,0.490840538806824
464,45541.2622222222,45541.2622222222,45065.7850687831,44990.2832136902,45065.7850687831,0.484584963102598
465,44885.7788888889,44885.7788888889,44456.5955978836,44537.3498821104,44456.5955978836,0.478034449074545
466,44154.6288888889,44154.6288888889,43817.275015873,44098.3912336378,43817.275015873,0.471159940172248
467,43379.2955555556,43379.2955555556,43165.9536931217,43680.7948939054,43165.9536931217,0.464156389281664
469,42555.7622222222,42555.7622222222,42508.8448148148,42897.8897457381,42508.8448148148,0.457090605759581
470,41703.7146031746,41703.7146031746,41854.1992698413,42523.0327194781,41854.1992698413,0.450051310055044
475,40931.3646031746,40931.3646031746,41201.8163915344,40623.7387099121,41201.8163915344,0.443036344432441
477,40197.0979365079,40197.0979365079,40557.0246243386,39763.2335965271,40557.0246243386,0.436103004777123
478,39483.1646031746,39483.1646031746,39926.8928571429,39296.3307209678,39926.8928571429,0.429327301686846
479,38788.2312698413,38788.2312698413,39318.8910899471,38820.1938356692,39318.8910899471,0.422789558841066
480,38262.9423809524,38262.9423809524,38740.905989418,38354.3094732807,38740.905989418,0.416574580267271
481,37794.1357142857,37794.1357142857,38195.9164444444,37918.1641664519,38195.9164444444,0.410714397466966
482,37341.6857142857,37341.6857142857,37687.198010582,37527.181432464,37687.198010582,0.405244231949455
484,36877.3190476191,36877.3190476191,37218.997037037,36873.3264908716,37218.997037037,0.400209744008246
485,36458.9857142857,36458.9857142857,36781.9249523809,36600.671164145,36781.9249523809,0.39550997988136
489,36089.2857142857,36089.2857142857,36372.9017566138,35757.7277612797,36372.9017566138,0.391111820836168
490,35765.7523809524,35765.7523809524,35991.563005291,35584.4535887683,35991.563005291,0.387011348061594
491,35484.8523809524,35484.8523809524,35636.3442539683,35417.2037402422,35636.3442539683,0.383191739344241
492,35204.4523809524,35204.4523809524,35298.9333333333,35255.200515267,35298.9333333333,0.379563615296768
493,34924.9857142857,34924.9857142857,34970.1095238095,35098.4889852338,34970.1095238095,0.376027827040508
494,34680.7,34680.7,34657.3279365079,34947.1142215335,34657.3279365079,0.372664538157148
497,34375.2833333333,34375.2833333333,34364.7774603175,34525.4612423401,34364.7774603175,0.369518791078871
504,34061.75,34061.75,34087.7336507936,33704.4941165706,34087.7336507936,0.366539784632828
505,33763.0833333333,33763.0833333333,33818.5942857143,33598.8788311691,33818.5942857143,0.363645773375787
507,33459.95,33459.95,33557.4104761905,33391.1963222791,33557.4104761905,0.360837306897106
509,33201.7785714286,33201.7785714286,33298.333968254,33184.7770709325,33298.333968254,0.358051499885256
510,32861.7785714286,32861.7785714286,33044.1870899471,33080.7408574602,33044.1870899471,0.355318700368749
512,32649.9619047619,32649.9619047619,32790.0313227513,32868.6248077322,32790.0313227513,0.352585805271484
514,32489.0619047619,32489.0619047619,32529.7968253968,32648.6305699459,32529.7968253968,0.349787546590179
519,32303.3285714286,32303.3285714286,32264.5456613757,32045.1469113633,32264.5456613757,0.346935344518609
520,32052.1952380952,32052.1952380952,31989.0389417989,31912.3791223526,31989.0389417989,0.34397286614756
521,31847.9952380952,31847.9952380952,31702.7322222222,31774.741825739,31702.7322222222,0.340894257155609
522,31598.7047619048,31598.7047619048,31404.4314285714,31632.0528988233,31404.4314285714,0.337686677860937
523,31392.2492063492,31392.2492063492,31085.5001587302,31484.8517084049,31085.5001587302,0.334257262454273
525,31112.6492063492,31112.6492063492,30757.7911111111,31179.7914937549,30757.7911111111,0.330733461049138
526,30777.1825396825,30777.1825396825,30407.0476190476,31023.371947871,30407.0476190476,0.326961974057385
532,30396.5158730159,30396.5158730159,30029.5585714286,29945.7107823911,30029.5585714286,0.322902896512571
533,29929.1492063492,29929.1492063492,29621.1273015873,29716.5166604664,29621.1273015873,0.318511102349352
534,29468.4825396825,29468.4825396825,29188.636031746,29465.4427607257,29188.636031746,0.313860594969566
535,28985.4380952381,28985.4380952381,28717.9758730159,29189.5967301678,28717.9758730159,0.308799663815165
536,28417.8095238095,28417.8095238095,28202.0877777778,28886.0862157916,28202.0877777778,0.303252404109948
539,27946.1428571429,27946.1428571429,27650.9946455026,27808.7268053731,27650.9946455026,0.297326590440841
540,27388.8095238095,27388.8095238095,27070.2024656085,27404.1183415782,27070.2024656085,0.291081427805047
542,26826.7261904762,26826.7261904762,26457.9658412698,26546.7577263417,26457.9658412698,0.284498148238024
543,26176.8595238095,26176.8595238095,25818.606994709,26100.7020091788,25818.606994709,0.277623227883322
544,25564.8261904762,25564.8261904762,25161.5459259259,25647.5269751721,25161.5459259259,0.270557958449173
545,24788.0928571429,24788.0928571429,24483.8715238095,25190.228580458,24483.8715238095,0.26327103723735
548,23860.3833333333,23860.3833333333,23788.3008253968,23808.0533093109,23788.3008253968,0.255791680099532
550,23125.8522222222,23125.8522222222,23081.082031746,22890.3829005976,23081.082031746,0.248187072912424
552,22400.7665079365,22400.7665079365,22353.441015873,21987.2597199993,22353.441015873,0.240362868933938
553,21593.6331746032,21593.6331746032,21615.9466666667,21544.2399680489,21615.9466666667,0.232432713685271
554,20806.1331746032,20806.1331746032,20868.0100952381,21108.303595867,20868.0100952381,0.224390274941208
555,20073.2331746032,20073.2331746032,20121.5268571429,20679.3983514413,20121.5268571429,0.216363463651069
560,19303.3665079365,19303.3665079365,19371.6488042328,18629.5019032827,19371.6488042328,0.208300148476458
561,18551.8776190476,18551.8776190476,18633.752973545,18236.2811399703,18633.752973545,0.200365676163556
562,17809.5276190476,17809.5276190476,17925.4422222222,17847.9305252905,17925.4422222222,0.192749327335481
563,17031.5276190476,17031.5276190476,17221.4131005291,17464.1726733588,17221.4131005291,0.185179018165496
565,16326.3942857143,16326.3942857143,16530.5180740741,16709.351511606,16530.5180740741,0.17774993775801
568,15607.6776190476,15607.6776190476,15862.7252698413,15604.7920762512,15862.7252698413,0.170569271740422
571,14979.610952381,14979.610952381,15217.4991322751,14526.9369328228,15217.4991322751,0.163631261372066
572,14316.6553968254,14316.6553968254,14591.9374391534,14171.6726539249,14591.9374391534,0.156904699535473
573,13719.6553968254,13719.6553968254,13989.2157460317,13814.3968862778,13989.2157460317,0.150423732456419
574,13235.7220634921,13235.7220634921,13406.211978836,13450.9438071854,13406.211978836,0.144154788986688
576,12565.4153968254,12565.4153968254,12845.2593227513,12688.8424238805,12845.2593227513,0.138122957482228
577,12037.3411111111,12037.3411111111,12310.7382716049,12281.8624742756,12310.7382716049,0.132375340671559
579,11576.7411111111,11576.7411111111,11799.5283315697,11416.3582664663,11799.5283315697,0.1268783843986
580,11127.7411111111,11127.7411111111,11311.8757989418,10978.5744289502,11311.8757989418,0.121634737046852
581,10689.8077777778,10689.8077777778,10841.7521552028,10553.024992884,10841.7521552028,0.116579574949771
582,10262.5411111111,10262.5411111111,10396.216659612,10151.4016261612,10396.216659612,0.111788805159292
583,9806.82111111111,9806.82111111111,9974.61338624339,9785.39599667494,9974.61338624339,0.107255374611983
584,9395.23777777778,9395.23777777778,9572.63900176367,9463.85913773887,9572.63900176367,0.102933010273406
585,9013.71185185185,9013.71185185185,9201.53128395062,9184.27954434803,9201.53128395062,0.0989425501167914
587,8658.24518518519,8658.24518518519,8849.90140740741,8729.58359586399,8849.90140740741,0.0951615319787429
589,8292.88962962963,8292.88962962963,8517.95724514991,8378.49103454637,8517.95724514991,0.0915921910835569
593,7927.7562962963,7927.7562962963,8205.56641622575,7815.84760670483,8205.56641622575,0.0882331039606596
595,7633.62296296296,7633.62296296296,7911.85558730159,7524.54749213422,7911.85558730159,0.085074879800583
596,7395.6062962963,7395.6062962963,7636.50475837742,7367.23344726299,7636.50475837742,0.0821140776960411
597,7206.1062962963,7206.1062962963,7384.13289241623,7200.89220986123,7384.13289241623,0.0794003645948872
598,6998.79962962963,6998.79962962963,7151.55102645503,7024.58537932396,7151.55102645503,0.0768994501037024
599,6762.89296296296,6762.89296296296,6938.30595061728,6838.87155858211,6938.30595061728,0.0746064609313419
600,6597.57867724868,6597.57867724868,6742.62309700176,6650.29736470993,6742.62309700176,0.0725023154414906
601,6441.87867724868,6441.87867724868,6567.0720952381,6466.90641831751,6567.0720952381,0.0706146444382577
602,6284.14534391534,6284.14534391534,6413.84998236331,6296.74234001499,6413.84998236331,0.0689670722989816
603,6132.27867724868,6132.27867724868,6277.4951287478,6147.84875041245,6277.4951287478,0.0675008710199562
605,6021.24312169312,6021.24312169312,6155.29805291005,5929.67714511228,6155.29805291005,0.066186905993147
606,5906.50978835979,5906.50978835979,6046.79653262786,5853.97710551099,6046.79653262786,0.0650202070191411
607,5815.03571428571,5815.03571428571,5953.55545679012,5794.88869412018,5953.55545679012,0.0640176010903746
608,5723.00238095238,5723.00238095238,5877.43852910053,5748.17775057331,5877.43852910053,0.0631991283057632
609,5659.6246031746,5659.6246031746,5813.58572839506,5709.61011450381,5813.58572839506,0.0625125296583275
611,5629.4246031746,5629.4246031746,5760.92848324515,5645.97482047218,5760.92848324515,0.061946314975523
614,5588.30015873016,5588.30015873016,5720.19568253968,5584.58057632198,5720.19568253968,0.0615083218795014
616,5562.65015873016,5562.65015873016,5691.08954850088,5569.51694053063,5691.08954850088,0.0611953484148713
617,5578.58349206349,5578.58349206349,5671.2539329806,5570.55746819604,5671.2539329806,0.060982059308727
619,5600.18349206349,5600.18349206349,5661.06128042328,5591.13752709641,5661.06128042328,0.0608724593948262
620,5621.13904761905,5621.13904761905,5658.71356613757,5610.77838288133,5658.71356613757,0.0608472148098538
621,5639.78666666667,5639.78666666667,5664.2502962963,5634.66547058722,5664.2502962963,0.0609067503571783
622,5652.02,5652.02,5675.60332275132,5660.42725012942,5675.60332275132,0.0610288275804512
623,5673.15333333333,5673.15333333333,5689.42301587302,5685.69218142325,5689.42301587302,0.0611774284640538
624,5695.68666666667,5695.68666666667,5706.15115343915,5708.58871227404,5706.15115343915,0.0613573033716559
625,5723.70888888889,5723.70888888889,5723.54611640212,5729.24524204718,5723.54611640212,0.061544348542903
626,5753.62,5753.62,5738.65663492063,5748.29015799804,5738.65663492063,0.0617068294593584
627,5779.82,5779.82,5751.67382010582,5766.35184738201,5751.67382010582,0.0618468011073178
628,5806.05333333333,5806.05333333333,5762.19915343915,5784.05869745448,5762.19915343915,0.0619599782828001
630,5829.92,5829.92,5771.66797883598,5818.53319642326,5771.66797883598,0.062061795002481
633,5836.72,5836.72,5781.37902645503,5851.94778297023,5781.37902645503,0.0621662162978158
634,5839.22222222222,5839.22222222222,5793.56340740741,5853.55558754284,5793.56340740741,0.0622972329390487
635,5823.5746031746,5823.5746031746,5808.12112169312,5848.46021840721,5808.12112169312,0.0624537696426529
636,5805.24126984127,5805.24126984127,5829.25291005291,5835.49888862135,5829.25291005291,0.0626809962818203
638,5795.44126984127,5795.44126984127,5859.01432804233,5787.78241121583,5859.01432804233,0.0630010159068256
640,5779.01904761905,5779.01904761905,5899.31352380952,5733.37991921514,5899.31352380952,0.0634343465203744
644,5781.81904761905,5781.81904761905,5950.47494179894,5722.23279452374,5950.47494179894,0.0639844768201315
645,5797.68571428571,5797.68571428571,6013.38302645503,5761.25002887558,6013.38302645503,0.0646609170915124
646,5855.91904761905,5855.91904761905,6091.68666666666,5824.34611338077,6091.68666666666,0.0655029032356535
648,5914.05238095238,5914.05238095238,6184.06756613756,6021.13729914508,6184.06756613756,0.0664962598296453
649,6040.68571428571,6040.68571428571,6292.08814814815,6139.70561465722,6292.08814814815,0.0676577873536422
650,6200.04126984127,6200.04126984127,6418.72650793651,6260.27521962529,6418.72650793651,0.0690195087751541
651,6384.30793650794,6384.30793650794,6563.71597883598,6374.26071982625,6563.71597883598,0.0705785566714429
652,6573.4746031746,6573.4746031746,6728.63582010582,6475.27853231024,6728.63582010582,0.0723519125571698
656,6773.54126984127,6773.54126984127,6912.09788359788,6820.1642606685,6912.09788359788,0.0743246499039693
658,7011.2746031746,7011.2746031746,7114.86661375661,7021.85243972785,7114.86661375661,0.0765049886570247
659,7224.93571428571,7224.93571428571,7342.05578835979,7146.19701493428,7342.05578835979,0.0789479164263813
660,7443.88333333333,7443.88333333333,7593.60051851852,7292.37587848015,7593.60051851852,0.0816527354725063
661,7704.81666666667,7704.81666666667,7863.34524867725,7463.48120451462,7863.34524867725,0.0845532561205231
665,7970.28333333333,7970.28333333333,8155.27960846561,8321.01368248799,8155.27960846561,0.0876923782006223
666,8252.81666666667,8252.81666666667,8467.73396825397,8555.80298450997,8467.73396825397,0.0910521484604368
667,8533.75,8533.75,8803.28832804233,8789.60611517127,8803.28832804233,0.0946603092149599
668,8839.21666666667,8839.21666666667,9165.69528042328,9017.8487522859,9165.69528042328,0.0985572114741707
669,9263.75666666667,9263.75666666667,9555.21112169313,9237.52476524696,9555.21112169313,0.102745611149923
670,9687.22333333333,9687.22333333333,9969.37362962963,9451.90078976452,9969.37362962963,0.107199032372267
671,10086.8566666667,10086.8566666667,10416.93,9665.81165312775,10416.93,0.11201153229635
673,10579.0566666667,10579.0566666667,10885.5100740741,10111.5772055482,10885.5100740741,0.117050096643098
677,11071.1233333333,11071.1233333333,11387.7879259259,11210.2587772632,11387.7879259259,0.122451007643215
679,11606.79,11606.79,11923.6302222222,11921.9733808852,11923.6302222222,0.12821283158533
680,12209.6455555556,12209.6455555556,12494.8991851852,12305.1882226619,12494.8991851852,0.134355592638235
682,12854.0122222222,12854.0122222222,13101.7755555556,13080.9121764677,13101.7755555556,0.140881234277339
683,13437.3733333333,13437.3733333333,13728.2621481481,13455.252964625,13728.2621481481,0.147617741405582
685,14157.2288888889,14157.2288888889,14375.610962963,14131.4713537693,14375.610962963,0.154578576572722
686,14733.5177777778,14733.5177777778,15045.2531111111,14419.3932261027,15045.2531111111,0.161779128280787
689,15504.4511111111,15504.4511111111,15723.7863703704,15209.3049431261,15723.7863703704,0.169075284641986
693,16290.4511111111,16290.4511111111,16410.7048148148,16694.6740824431,16410.7048148148,0.17646160551818
694,17102.7844444444,17102.7844444444,17098.6521481482,17251.1293672456,17098.6521481482,0.183858989867105
695,17942.3622222222,17942.3622222222,17779.875037037,17902.8942868352,17779.875037037,0.191184067372646
696,18661.0555555556,18661.0555555556,18451.9423703704,18610.5683308513,18451.9423703704,0.198410696697504
697,19397.4555555556,19397.4555555556,19126.8448888889,19323.6326049861,19126.8448888889,0.205667812301614
698,20131.4888888889,20131.4888888889,19788.1422222222,19991.5682149322,19788.1422222222,0.212778633590627
699,20757.0555555556,20757.0555555556,20457.2528888889,20563.8562663822,20457.2528888889,0.219973470365873
702,21374.9,21374.9,21113.208,21581.8658780684,21113.208,0.227026847619361
705,21926,21926,21768.172,22201.685776548,21768.172,0.234069567618338
706,22427.9888888889,22427.9888888889,22422.6041481482,22478.3529307406,22422.6041481482,0.241106568701965
707,22935.0222222222,22935.0222222222,23067.8777777778,22846.6743185807,23067.8777777778,0.248045089744657
708,23560.9111111111,23560.9111111111,23711.4607407408,23340.6243238472,23711.4607407408,0.254965431327187
709,24076.6888888889,24076.6888888889,24356.8637037037,23977.5754286946,24356.8637037037,0.261905343069906
710,24770.1777777778,24770.1777777778,25010.2488888889,24708.4925087806,25010.2488888889,0.26893108633326
711,25343.7777777778,25343.7777777778,25679.3051851852,25467.738538139,25679.3051851852,0.27612533847287
712,26114.9111111111,26114.9111111111,26365.0133333333,26189.6764908035,26365.0133333333,0.283498645232363
713,26919.2666666667,26919.2666666667,27075.6007407407,26808.6693408074,27075.6007407407,0.29113947456828
715,27621.4666666667,27621.4666666667,27815.3014814815,27638.4346692992,27815.3014814815,0.299093354781655
718,28314.8,28314.8,28581.8711111111,28611.5836472618,28581.8711111111,0.307336151731108
719,29078.5,29078.5,29377.6781481482,29090.5079197685,29377.6781481482,0.315893333706098
720,29932.2666666667,29932.2666666667,30203.4362962963,29741.2615893372,30203.4362962963,0.324772575044983
721,30792.9,30792.9,31047.6033333333,30596.9531647621,31047.6033333333,0.333849764133571
722,31660.5222222222,31660.5222222222,31921.877037037,31596.1841728886,31921.877037037,0.343250685249318
723,32584.8111111111,32584.8111111111,32799.8262962963,32653.9293950745,32799.8262962963,0.352691129008475
724,33523.5,33523.5,33675.8437037037,33685.1636126779,33675.8437037037,0.362110799882906
725,34433.5666666667,34433.5666666667,34565.6314814815,34604.8616070569,34565.6314814815,0.371678541281518
726,35498.0166666667,35498.0166666667,35466.2785185185,35348.2720497461,35466.2785185185,0.381363050506087
728,36463.0611111111,36463.0611111111,36368.0174074074,36391.8810992004,36368.0174074074,0.391059300233757
731,37432.6833333333,37432.6833333333,37262.5096296296,37398.536919854,37262.5096296296,0.400677627748512
734,38457.8833333333,38457.8833333333,38158.4707407407,38613.5183743258,38158.4707407407,0.410311749983517
735,39284.15,39284.15,39057.5485925926,39235.6913490638,39057.5485925926,0.419979386018283
736,40059.5277777778,40059.5277777778,39953.5812592593,40010.4378874453,39953.5812592593,0.42961427767839
737,40968.2833333333,40968.2833333333,40853.1324444445,40889.1450184971,40853.1324444445,0.439287003388517
738,41824.5055555556,41824.5055555556,41755.9058518519,41806.1535525676,41755.9058518519,0.448994377123399
739,42604.5833333333,42604.5833333333,42640.357037037,42695.8043000054,42640.357037037,0.458504735020967
740,43349.65,43349.65,43519.628962963,43492.4380711591,43519.628962963,0.467959401196906
741,44232.3166666667,44232.3166666667,44387.1453333333,44147.2243750148,44387.1453333333,0.477287661820463
743,45146.69,45146.69,45230.0246666667,45122.0204936226,45230.0246666667,0.48635100444325
745,46025.3011111111,46025.3011111111,46058.7573333333,45885.8679745976,46058.7573333333,0.495262230289769
748,47016.7677777778,47016.7677777778,46873.527037037,47254.0880385759,46873.527037037,0.504023314695683
749,47975.1677777778,47975.1677777778,47657.876,47910.7330932763,47657.876,0.512457289887657
750,48764.7844444444,48764.7844444444,48416.1064444444,48706.5617362161,48416.1064444444,0.520610416952538
751,49652.14,49652.14,49154.0798518518,49577.1006425341,49154.0798518518,0.528545723435125
752,50445.4288888889,50445.4288888889,49869.0621481481,50437.9192219616,49869.0621481481,0.536233810287289
753,51101.0733333333,51101.0733333333,50543.1066666666,51204.5868842301,50543.1066666666,0.543481699958739
754,51715.14,51715.14,51172.6791851852,51811.5716080577,51172.6791851852,0.550251389540115
755,52281.0733333333,52281.0733333333,51769.0931851852,52268.9356481119,51769.0931851852,0.556664531034106
756,52733.5177777778,52733.5177777778,52311.7260740741,52605.6398280466,52311.7260740741,0.562499373099747
759,53197.9622222222,53197.9622222222,52799.2300740741,53181.4014436775,52799.2300740741,0.567741423304616
762,53674.1844444444,53674.1844444444,53246.3018518518,53713.8139697872,53246.3018518518,0.572548712484378
763,54074.3844444444,54074.3844444444,53634.5654814815,54005.5254555998,53634.5654814815,0.576723647334642
764,54342.9844444444,54342.9844444444,53961.0928148148,54340.6032568923,53961.0928148148,0.580234741960727
765,54590.2777777778,54590.2777777778,54240.5186666667,54680.347783684,54240.5186666667,0.583239362115527
766,54971.5111111111,54971.5111111111,54455.8511851852,54986.0594459945,54455.8511851852,0.585554797215167
767,55156.2611111111,55156.2611111111,54608.2014814815,55219.0386538431,54608.2014814815,0.58719299485439
768,55287.7277777778,55287.7277777778,54703.0302962963,55350.9054341844,54703.0302962963,0.588212673478826
769,55470.8611111111,55470.8611111111,54736.7183703704,55394.5582817125,54736.7183703704,0.588574915789867
770,55476.0944444444,55476.0944444444,54703.5427407407,55373.215308057,54703.5427407407,0.588218183709522
771,55343.3388888889,55343.3388888889,54595.6293333333,55310.0946248471,54595.6293333333,0.587057808616378
773,55292.4611111111,55292.4611111111,54419.9403703704,55151.3925762815,54419.9403703704,0.585168654139096
775,54945.1277777778,54945.1277777778,54184.1607407407,55022.3583378846,54184.1607407407,0.582633354621956
777,54566.3277777778,54566.3277777778,53830.18,54699.5433468613,53830.18,0.578827058028452
778,54155.95,54155.95,53386.2118518518,54370.065802252,53386.2118518518,0.574053141666832
779,53703.2833333333,53703.2833333333,52819.0237037037,53877.6603492506,52819.0237037037,0.567954260943394
780,53176.55,53176.55,52101.9066666667,53198.6365102041,52101.9066666667,0.560243219575704
781,52455.6833333333,52455.6833333333,51249.3851851852,52367.1855238262,51249.3851851852,0.551076196522242
782,51707.65,51707.65,50273.5007407407,51431.9690579228,50273.5007407407,0.540582671849772
783,51053.5833333333,51053.5833333333,49156.2014814815,50441.6487802995,49156.2014814815,0.528568536969034
784,49661.8,49661.8,47916.1888888889,49444.8863587624,47916.1888888889,0.51523488582968
785,48496.7388888889,48496.7388888889,46564.6118518518,48476.9612996254,46564.6118518518,0.500701600597364
786,46779.9055555556,46779.9055555556,45088.8422222222,47519.6244632365,45088.8422222222,0.484832892875297
788,44714.1055555556,44714.1055555556,43474.8859259259,45510.1902541285,43474.8859259259,0.467478286690222
791,42688.2722222222,42688.2722222222,41736.1440740741,41784.6680824863,41736.1440740741,0.448781881982336
792,40705.0722222222,40705.0722222222,39894.2244444444,40226.6032585696,39894.2244444444,0.428976023626607
793,38532.9722222222,38532.9722222222,37939.5448148148,38474.5316183973,37939.5448148148,0.407957675565972
794,36344.9388888889,36344.9388888889,35850.0274074074,36580.9422058344,35850.0274074074,0.385489439092884
795,34292.6722222222,34292.6722222222,33712.2611111111,34615.1481337479,33712.2611111111,0.362502390265673
796,32019.4055555556,32019.4055555556,31502.1696296296,32646.4625150045,31502.1696296296,0.338737640636382
798,29493.9388888889,29493.9388888889,29293.5892592593,28977.6690890152,29293.5892592593,0.314989139735942
799,27095.4222222222,27095.4222222222,27123.1022222222,27395.6589766334,27123.1022222222,0.291650250173673
801,24826.8888888889,24826.8888888889,24994.212962963,24631.349838308,24994.212962963,0.268758654663396
803,22387.4555555556,22387.4555555556,22909.6059259259,22040.9349995773,22909.6059259259,0.24634321859401
805,19710.8222222222,19710.8222222222,20887.6337037037,19193.5498816544,20887.6337037037,0.224601284370417
806,17595.3055555556,17595.3055555556,18949.8481481482,17562.5800841825,18949.8481481482,0.203764595505319
807,15345.3666666667,15345.3666666667,17081.1825925926,15848.1842822123,17081.1825925926,0.183671142613998
808,13651.2,13651.2,15314.0503703704,14138.8951857406,15314.0503703704,0.1646694609303
809,12156.8,12156.8,13684.5159259259,12523.2455047639,13684.5159259259,0.147147345484396
810,10754.9333333333,10754.9333333333,12178.197037037,11089.7679492786,12178.197037037,0.130950146609931
812,9435.96666666667,9435.96666666667,10789.9151851852,8956.91026122177,10789.9151851852,0.116022180550339
815,8203.38888888889,8203.38888888889,9543.02666666667,7151.2663799242,9543.02666666667,0.102614593712184
816,7278.15555555556,7278.15555555556,8459.52037037037,6775.50458571151,8459.52037037037,0.0909638289954305
817,6262.68888888889,6262.68888888889,7503.5562962963,6452.16981600174,7503.5562962963,0.0806845047840459
818,5512.42222222222,5512.42222222222,6681.19296296296,6144.88243563062,6681.19296296296,0.0718417673296327
820,5050.92222222222,5050.92222222222,5956.04518518518,5490.26113467745,5956.04518518518,0.0640443727296707
822,4500.63888888889,4500.63888888889,5319.91074074074,4807.25276368759,5319.91074074074,0.0572041238397666
825,4002.66111111111,4002.66111111111,4767.16296296296,3845.32488615207,4767.16296296296,0.0512605180401412
826,3684.12777777778,3684.12777777778,4292.44185185185,3567.84246465947,4292.44185185185,0.0461559201337541
827,3458.22777777778,3458.22777777778,3891.17703703704,3322.96971060674,3891.17703703704,0.0418411856808953
828,3255.84444444444,3255.84444444444,3544.86111111111,3114.9561418321,3544.86111111111,0.0381173075784609
829,3009.91666666667,3009.91666666667,3258.8962962963,2938.57839089352,3258.8962962963,0.0350423750320917
830,2773.98333333333,2773.98333333333,3016.12259259259,2786.24486902901,3016.12259259259,0.0324318693885757
831,2614.78333333333,2614.78333333333,2797.66296296296,2650.36398747655,2797.66296296296,0.0300828089782909
832,2463.71666666667,2463.71666666667,2610.38962962963,2523.34415747414,2610.38962962963,0.0280690896747234
833,2315.15,2315.15,2450.71555555556,2399.2321642219,2450.71555555556,0.0263521406595108
834,2184.41666666667,2184.41666666667,2305.40148148148,2278.6282887687,2305.40148148148,0.0247896023587579
836,2083.41666666667,2083.41666666667,2169.70296296296,2056.89951130329,2169.70296296296,0.0233304585429116
837,1973.21666666667,1973.21666666667,2043.18222222222,1960.25191931308,2043.18222222222,0.0219700018596431
838,1870.81666666667,1870.81666666667,1928.16851851852,1875.3716445971,1928.16851851852,0.0207332784500656
840,1774.02777777778,1774.02777777778,1825.13703703704,1735.26383508831,1825.13703703704,0.0196253979021975
842,1691.53888888889,1691.53888888889,1728.98377777778,1621.80055613412,1728.98377777778,0.018591477744827
843,1607.55,1607.55,1639.29940740741,1570.22594461139,1639.29940740741,0.0176271164840507
844,1504.41666666667,1504.41666666667,1556.95059259259,1519.51086052298,1556.95059259259,0.0167416332437682
845,1422.75,1422.75,1480.52474074074,1468.1799764536,1480.52474074074,0.0159198386485295
846,1358.03333333333,1358.03333333333,1407.30333333333,1416.59212893262,1407.30333333333,0.0151325009165299
848,1284.71111111111,1284.71111111111,1339.13303703704,1315.9150535979,1339.13303703704,0.0143994769502323
851,1228.51111111111,1228.51111111111,1275.5182962963,1183.40665259673,1275.5182962963,0.0137154381223813
852,1172.48444444444,1172.48444444444,1216.84503703704,1147.44195219199,1216.84503703704,0.0130845342308844
853,1118.45111111111,1118.45111111111,1162.04140740741,1116.65606370926,1162.04140740741,0.0124952398293461
854,1079.91777777778,1079.91777777778,1110.74592592593,1090.43702848907,1110.74592592593,0.0119436679669433
856,1038.02888888889,1038.02888888889,1065.09044444444,1048.10821425835,1065.09044444444,0.0114527420954564
860,985.095555555556,985.095555555556,1023.66874074074,978.748485589974,1023.66874074074,0.0110073413389785
861,950.662222222222,950.662222222222,985.414814814815,959.358298161941,985.414814814815,0.0105960031751131
863,916.595555555556,916.595555555556,951.000888888889,914.449398692252,951.000888888889,0.0102259558986799
864,893.928888888889,893.928888888889,919.271407407407,890.732808932872,919.271407407407,0.00988477401114587
865,869.484444444445,869.484444444445,890.381037037037,867.594254258731,890.381037037037,0.00957412061769941
866,838.117777777778,838.117777777778,864.237333333334,846.098330996018,864.237333333334,0.00929300167845785
867,819.584444444445,819.584444444445,839.924740740741,827.08184811951,839.924740740741,0.00903157237535288
869,801.424444444444,801.424444444444,817.675851851852,795.962054450009,817.675851851852,0.00879233373821741
871,784.224444444445,784.224444444445,798.231407407408,772.04563834293,798.231407407408,0.00858325083021347
872,768.502222222222,768.502222222222,780.324740740741,762.03337741945,780.324740740741,0.00839070339333395
873,752.568888888889,752.568888888889,763.966962962963,752.915577539555,763.966962962963,0.0082148109035263
874,739.128888888889,739.128888888889,748.372888888889,744.417124547535,748.372888888889,0.00804713039383872
875,726.295555555555,726.295555555555,733.688444444444,736.370958794186,733.688444444444,0.00788923098171414
877,715.228888888889,715.228888888889,720.370666666667,721.075304913206,720.370666666667,0.00774602711112356
880,704.295555555555,704.295555555555,707.449333333333,698.02282781741,707.449333333333,0.00760708614233731
881,693.428888888889,693.428888888889,694.867111111111,689.749419022025,694.867111111111,0.00747179157946665
882,682.062222222222,682.062222222222,682.644888888889,681.011321369248,682.644888888889,0.00734036803729274
883,671.228888888889,671.228888888889,670.714518518519,671.985219146299,670.714518518519,0.00721208273000469
884,660.017777777778,660.017777777778,659.255259259259,662.911142702353,659.255259259259,0.0070888632028877
